1,0.6869585697290399,0.678970505846902,0.5973507346541196,0.3140924599407515,0.5072913668094416,0.3140924599407515,0.6886899637376964,0.6864188568008107,0.5181366602678826,0.7964337191900599
2,0.5005772426844444,0.437296967137192,0.2572026352044757,0.1882567709971632,0.6797772130628368,0.1882567709971632,0.7049810142610751,0.6914539223193291,0.2312016530665425,0.3309685269258499
3,0.6860983831303017,0.6402612050968666,0.7021542743261346,0.3085303002052252,0.5189815336683694,0.3085303002052252,0.5601931093327635,0.5551745756428375,0.5514294075037418,0.86395026301135
4,0.6111767530481964,0.6779458005443457,0.6453038700232141,0.32149332120410823,0.46968115297459934,0.32149332120410823,0.7972476780873377,0.7988729122448874,0.5066802097499851,0.6064480154130392
5,0.5870495942639404,0.6152619446562094,0.613015570064958,0.2289541624262158,0.7834598048547784,0.2289541624262158,0.9344478616688945,0.5444641222903339,0.34144603392850204,0.5153665152995897
6,0.5762516930884363,0.45886901430482707,0.29765782407943064,0.21262233641365158,0.3670551767233996,0.21262233641365158,0.5603129597788812,0.4331925067081177,0.2663582582194205,0.3817887155223534
7,0.3575503770094016,0.4363670434920843,0.2744456184477475,0.29558161640306335,0.16773921528693025,0.29558161640306335,0.2678561759970025,0.3292231591984175,0.22629181766143058,0.364359927523386
8,0.23053146289312598,0.12333935365198401,0.17743268164422077,0.18772025929460556,0.3414214722614195,0.18772025929460556,0.4647993986410992,0.48398352003748324,0.19002262403488623,0.24104462536557525
9,0.0994234171490136,0.07074480774217795,0.1038996481206963,0.07449426792586311,0.0657832786608572,0.07449426792586311,0.10578623100809581,0.08406824318320327,0.1133897175003511,0.06932949363442609
10,0.5460404473794509,0.3111432845105845,0.2003669841236343,0.24503557604885584,0.3423170602590715,0.24503557604885584,0.4574292484749001,0.40097317167944324,0.3738684466855331,0.5149436028247198
11,0.41045701039744054,0.3501260217991382,0.4690763242241047,0.22841688400260352,0.41584326392787685,0.22841688400260352,0.449999615863248,0.5263390559835663,0.3005141218020905,0.5034374842502974
12,0.32280991100010004,0.3489777582525726,0.33756544714436587,0.2044464976005862,0.7411576966775812,0.2044464976005862,0.5734456850856131,0.3735294858593726,0.3349967371621724,0.42969688812066986
13,0.1621417150345832,0.4399043518805138,0.3351419937394343,0.16689183085983306,0.64469000135739,0.16689183085983306,0.5633105489951615,0.28387726297364546,0.4728819796399345,0.40478955540466965
14,0.2577249492921575,0.290593391766382,0.24494696944612326,0.198765702614228,0.3067561552629081,0.198765702614228,0.2303129283656652,0.17140302607717406,0.3049607409862707,0.26309051274070194
15,0.24619481904775298,0.2461504793605519,0.23348839070186478,0.19714402714613732,0.22758250892484044,0.19714402714613732,0.17787960648970436,0.1755910159972618,0.21200509949655966,0.3621541427483822
16,0.23763419283604015,0.3569140131570532,0.35493642897175326,0.236065782250499,0.3128255025318736,0.236065782250499,0.31911500434628703,0.4006480660820594,0.2944364229743621,0.2458592569295972
17,0.32068604086599106,0.7393423538246734,0.21892080711249418,0.294879661023854,0.24294388323596672,0.294879661023854,0.31682315882614764,0.2547221322525902,0.32648692251697353,0.3465315161700373
18,0.4802582343214009,0.47799863427813283,0.193667680833996,0.2280681074577151,0.3603439051682771,0.2280681074577151,0.45213839852269666,0.2909515377906693,0.4971598512839831,0.44724513670999577
19,0.22584366583248794,0.17915100542955786,0.16798291916347263,0.17481611046587553,0.15236230173561371,0.17481611046587553,0.1523664137352203,0.12657463342091158,0.1719008701664847,0.16390227978057237
20,0.14499088489037582,0.1763809407809368,0.2534943021790611,0.19236543995722277,0.1908508623063392,0.19236543995722277,0.18221824543383147,0.19594165252878837,0.17706464009164813,0.13081837121216122
21,0.1650167131453485,0.17832243499083378,0.28083404832623715,0.24089338593100773,0.19799292286036563,0.24089338593100773,0.18156295399947797,0.31153957418759093,0.11498945702217167,0.14950858837628744
22,0.18150662986779464,0.28311869685393387,0.4042657041708657,0.14687625513077818,0.2485771908271086,0.14687625513077818,0.47636230571803273,0.222784331397073,0.2653760683012112,0.3951788847443548
23,0.22720855453884692,0.3984937725302279,0.333173111290469,0.2339704027918068,0.6202934515456154,0.2339704027918068,0.5121952079736508,0.2813363300653152,0.27175299054192503,0.33692606837384975
24,0.2743710472007649,0.39641855176010554,0.5217294271873416,0.18222187004629342,0.3926956784431155,0.18222187004629342,0.5281258179756481,0.46771265661812145,0.41854718384218403,0.2590287917905172
25,0.5071651502519552,0.37016814341520443,0.5840426642340735,0.25029739853883015,0.3740977082282363,0.25029739853883015,0.35800410540908,0.797389869857968,0.3605535162096025,0.7456512169708276
26,0.3261280614993124,0.39570715032369586,0.4346845270473041,0.25238097472489895,0.37309752635523785,0.25238097472489895,0.3601715847738909,0.3495165194601011,0.44894036417439753,0.2942066187171417
27,0.10562213769689344,0.08635764932126933,0.2608362351474679,0.12549013696756228,0.13466292394744894,0.12549013696756228,0.10433061453319359,0.12458269864753235,0.10324594164871592,0.09488102819271793
28,0.2521697328155593,0.14880692451994226,0.1819702316516575,0.47814489960618234,0.17502844604663315,0.47814489960618234,0.16861705216170786,0.48969424475351864,0.2290795028637026,0.22468127944959015
29,0.28322190708166295,0.40173658761741193,0.5311146626506911,0.31414746464261434,0.24533968869629064,0.31414746464261434,0.3481383210977935,0.17504967899099322,0.38366040045954364,0.30208852971445854
30,0.42352027405420845,0.4390565216392025,0.32376110374657563,0.23003785312590996,0.3570403620404319,0.23003785312590996,0.5301336559703409,0.6461760512805645,0.46130070044615645,0.371336088309146
31,0.587337844449866,0.4323329908867577,0.5392650046953096,0.30943437694948217,0.5486566674999931,0.30943437694948217,0.6913278368460127,0.2827538954702824,0.5344882961155835,0.6795600171049221
32,0.5708115687417924,0.5785717811073547,0.5064777033456387,0.22134383872226282,0.6982900532278361,0.22134383872226282,0.5339219349692285,0.40031285742071065,0.46022826584489096,0.625844399409669
33,0.4459519642895655,0.504404032058548,0.9090403700409093,0.29397387054066815,0.5710795615517088,0.29397387054066815,0.7040489759659891,0.5409644081430396,0.5816749846637272,0.8606444229715136
34,0.418645825681051,0.22375468663246145,0.19206528966699765,0.24762486265638584,0.7196723884768631,0.24762486265638584,0.3577148862327153,0.24461668746306864,0.32748772287433814,0.38231514308332304
35,0.14071191725984644,0.18653364388084148,0.24972836054354652,0.15730421887182544,0.2140541408556803,0.15730421887182544,0.15467541476687274,0.12399105562397228,0.23994088392108126,0.2689032070760171
36,0.296921941852485,0.2098436853080129,0.13167710763759555,0.3222995109266774,0.21371329528028338,0.3222995109266774,0.10431870464165105,0.13103339190738206,0.238489497665492,0.34311754763136637
37,0.34360281699782125,0.24425474797783964,0.36131879988988613,0.1980667904612018,0.9340333090296206,0.1980667904612018,0.5484133440751637,0.4224575121222438,0.47416049990644804,0.5118678622219279
38,0.4509357118251659,0.5149574169882749,0.6414278843180325,0.16876210123732893,0.7877252445669349,0.16876210123732893,0.5577327405519693,0.40754910259892374,0.5756921236257222,0.554733734890517
39,0.6456150900411481,0.4496655046241981,0.4378432283523346,0.188492537867041,0.5396877914553213,0.188492537867041,0.8035455944031359,0.5381802670703376,0.5608723601076451,0.9553166681392692
40,0.7075302059093362,0.5711979915290519,0.5305497206270651,0.24842503837213137,0.39424568297135965,0.24842503837213137,0.7261141467106675,0.5726509240303721,0.7150305001202774,0.4808809157855285
41,0.6519447764057733,0.2969591328289136,0.4558185787692818,0.27689417790676263,0.4587807835356046,0.27689417790676263,0.6518496343909534,0.7177855919061589,0.38831227515719235,0.4499435945955035
42,0.44694891512986024,0.9042840415553842,0.8832765606387958,0.23332382563740406,0.6550251893077247,0.23332382563740406,0.45121947004686336,0.608084925140731,0.7347424417259488,0.341295288363371
43,0.4591642489047696,0.38226783550614973,0.512553225102018,0.24016820319798893,0.7906762635908817,0.24016820319798893,0.6405847021294809,1.0587003845226857,0.5154003554005655,0.7154051547175491
44,0.8282486492490171,0.22900612101577145,0.11164452017831761,0.26881651075431323,0.24643456294877708,0.26881651075431323,0.21782307258699507,0.2577102181812948,0.2755923491127651,0.25740608769341966
45,0.1724548979952517,0.07925999667553574,0.18198338699410865,0.1850105854018228,0.10694340089452403,0.1850105854018228,0.12274121392602133,0.1796220417931631,0.21603142768783168,0.19767809578139173
46,0.2441159692038487,0.19227321969331468,0.2620908142218853,0.27039112155909784,0.21694972490822462,0.27039112155909784,0.23999738544464588,0.23055135968034202,0.2493996303299265,0.2518630157639026
47,0.38863040430783646,0.26048320784649015,0.2722087400638872,0.23859485783286027,0.28040151333968344,0.23859485783286027,0.3569784931179216,0.5173094096593064,0.25638046317613294,0.368319763363272
48,0.40134313943584277,0.44000667972391017,0.8905517474476022,0.284680146457976,0.5304578346432388,0.284680146457976,0.6269301838699293,0.36884276806883987,0.32016800826903324,0.8218245401271296
49,0.498096992313372,0.4792224928345754,0.6836507940876171,0.14507863169494906,0.6160862589063196,0.14507863169494906,0.8377320714279934,0.8487072045925317,0.44226425553500226,0.3774969581792431
50,0.8928769043818471,0.6654759253226289,0.3792009056603284,0.25808365083867,0.5792201462767579,0.25808365083867,0.5415166525497037,0.3460628631501177,0.5037652179200504,0.5586227789775269
51,0.4984151888259819,0.526620822094393,0.8506632573880941,0.22135166894803837,1.0424038316524225,0.22135166894803837,0.5991234760304858,0.6950244041377757,0.6219371418666422,0.6373714456247324
52,0.4223070116586216,0.5622447210728548,0.48235989853829253,0.15956332984569532,0.7847957572307158,0.15956332984569532,0.5055604859486806,0.7149239303603894,0.5480424695242978,0.4360675320804345
53,0.6337422120991563,0.3502268570670023,0.43227977726110245,0.17633739122668401,0.8631089126166761,0.17633739122668401,1.0308400953884276,0.5107419337201898,1.0408467680220734,0.3891374275867421
54,0.38161343633839795,0.4160091184969612,0.3592562196658765,0.25428482981228806,0.7756757470330938,0.25428482981228806,0.39164091290034997,0.4624834518193185,0.3229557216552882,0.35125553436559
55,0.3358485161484107,0.375740430372005,0.28764329830039115,0.35849831835889456,0.15588574686968393,0.35849831835889456,0.3739728609737758,0.2994557130478599,0.43494518439967556,0.6478921963339244
56,0.5505782622041928,0.6167820996320554,0.7147283037536021,0.19723331582163706,0.819399944233735,0.19723331582163706,0.8507024307670517,0.5118265260505144,0.47719691259192554,0.34727746609312526
57,0.7144508375604744,0.48222672684857615,0.37942631939428606,0.11345757330427964,1.1302457672884851,0.11345757330427964,1.2669968444870603,0.27974628011705727,0.6596859544015803,0.4065444246187381
58,0.6007983044686607,0.8557034302011842,0.5892015396909367,0.27190656189082874,0.4153068247910192,0.27190656189082874,0.9143852990455946,0.42517379315857895,0.5601938679914067,0.6756790026179973
59,0.6529634939124833,0.6196711547162017,0.44790904607470716,0.3598109746086068,0.8386981255415892,0.3598109746086068,0.3046379089435979,0.3535577737546486,0.8823168755220794,0.23405951534260283
60,0.14862443541561943,0.23422846740203507,0.5141903768564182,0.3221623115883552,0.38771631332044343,0.3221623115883552,0.29798180754443837,0.12593508288140898,0.30629522644235674,0.5005180373560725
61,0.2411907644953275,0.24931553076114543,0.2483586065906619,0.22477632536364955,0.19469719235229,0.22477632536364955,0.44021386415182395,0.4990010829032212,0.12299204283698095,0.16344779523853303
62,0.261519867700007,0.39684252383682617,0.2612957168212243,0.35209613795574135,0.22550276780359457,0.35209613795574135,0.29114976064002807,0.25451975715659436,0.21218920732272484,0.5781975408549193
63,0.6161169149224718,0.6276422597989895,0.7028031037406673,0.22677999801535642,0.4641151700442103,0.22677999801535642,0.724038720479051,0.46173608417287004,0.596438953615105,0.7805851983573773
64,0.9888763474891674,0.6491697923848343,0.9392664321722444,0.31397502789704457,0.47926862702002404,0.31397502789704457,0.810505315120357,0.5104212992231971,0.5358275540021789,0.664651233734169
65,0.6075260424933913,0.5901417215300532,0.5665699398184124,0.22045856633305683,0.8391734480427249,0.22045856633305683,0.7777476829989433,0.5494125268440821,1.0376092213629404,1.076664514835387
66,0.4173894225390258,0.7877864767051139,0.860872151791067,0.18654587065733075,1.1683981769381726,0.18654587065733075,0.41353380798627304,0.41083729280085857,0.45441813110239093,0.34777163241275455
67,0.8012357523953103,0.49761099942126474,0.3408119627291524,0.21147186896347947,0.48546148770804987,0.21147186896347947,0.387751801837117,0.6048591853203269,0.6624274112093056,0.35805862863514126
68,0.5568780379859077,0.40594143301608676,0.47588358488464955,0.23621626437027632,0.6129589323918748,0.23621626437027632,0.9226826059118873,0.2446615135934601,0.4695823307480751,0.4287040813398455
69,0.31580262448824037,0.4562851238198906,0.7477542690093149,0.5118873254021077,0.3587796925716521,0.5118873254021077,0.3148219698524294,0.8991738696119564,0.32857635505515326,0.2415801401722122
70,0.13043245520797642,0.19538979877348583,0.4372791806729256,0.2783984824314808,0.30236202498310316,0.2783984824314808,0.23833192687984506,0.43813535851243834,0.29583423273503995,0.2739430459672907
71,0.4657097338407281,0.23112719894553602,0.6082381971504308,0.22270578581700984,0.57725867180507,0.22270578581700984,0.278170105605527,0.1930257103638815,0.2203655321768483,0.40830553372811784
72,0.5345208682841964,0.5010131431593463,0.6245882210120599,0.23116287824976234,0.4235287504744638,0.23116287824976234,0.6325299620571122,0.6186793399648666,0.5724759829596826,0.9814402063744461
73,0.8071065237138112,0.5886706725241873,0.8458339962636624,0.38193617610861785,0.4288854415509342,0.38193617610861785,0.4376651634280706,0.7190704583005578,0.7177605348710282,0.5582167963397312
74,0.7813763882832907,0.8828741704099746,1.1071156443159378,0.23839817986607403,0.7987425652894444,0.23839817986607403,1.1948910570261242,0.7738055095028387,0.6783428617065074,0.6236357311035438
75,0.9038373689944098,0.8043087737932393,0.777762534023394,0.3355430321851297,0.373978242860746,0.3355430321851297,0.5071328085702318,0.3473882736829512,0.9875349234063082,0.26557370349390985
76,0.24209636644444532,0.12705366282621866,0.4990356739639086,0.21236522844990713,0.30869242785168927,0.21236522844990713,0.32234002554004626,0.5227068244105424,0.2575927866607217,0.2869588213683588
77,0.21313129071290415,0.40951517833640616,0.3377839357494399,0.25335035776917136,0.1819885708249246,0.25335035776917136,0.1957489906693446,0.1927159055978609,0.2911871772684761,0.13835610744031912
78,0.5460740370076517,0.17296282509096506,0.17003266653204885,0.41094159454419676,0.5295114422849381,0.41094159454419676,0.30751892163685357,0.4139037835334022,0.4092446831390004,0.34843070888596617
79,0.17919133001345833,0.22727388500079293,0.2964561599085014,0.2543596281923275,0.35736268759423595,0.2543596281923275,0.189634560803024,0.15824589424186863,0.4101236441041727,0.42186579328312845
80,0.8495431994714188,0.8066442439040898,0.421282800873067,0.26097197761155944,0.6286486907439783,0.26097197761155944,0.8713814775517396,0.3878146028032151,0.48284836245325624,0.9231263572123287
81,0.6064276930883767,0.5781261410033165,0.580459155358195,0.23691720324857923,1.2415636232640324,0.23691720324857923,0.6594615591702566,0.565406373238835,0.9079050991747336,0.6135271013648905
82,0.6969425762406443,0.4259586937896921,0.38817345979516327,0.1858567632958037,0.5596250148970803,0.1858567632958037,0.7146238511753695,0.5469480776444596,0.3420286655298387,0.5533954509897745
83,0.3757527033491882,0.7479808457516934,0.5226783122349343,0.1758931777814009,0.9818846674812108,0.1758931777814009,0.7543445583526577,0.6424134868120386,0.7234832428899408,0.323473297004208
84,0.382940276696195,0.6963172607187487,0.8959728338317332,0.2080740044217334,1.2771304550103475,0.2080740044217334,1.3473403527610377,0.6371166561506546,0.5058538521506573,1.2643826956272493
85,0.48369775115198166,0.32367968217825993,0.6782261734208452,0.2917324457758904,0.26505046465139526,0.2917324457758904,0.6096853042181334,0.32012446398119354,0.3255753291940163,0.4518942963746144
86,0.6180319354204793,0.29165015407104977,0.8667698843431966,0.21016107597338474,0.5301738463643422,0.21016107597338474,0.4786655393278526,0.6242680384287729,0.837539775922942,0.713646431645101
87,0.45541719577965567,0.3451506851753433,0.5449359629268214,0.30142796525916116,0.4831035762208159,0.30142796525916116,0.517853734867612,0.42961635407051957,0.2648036827233372,0.8619760366615628
88,0.29963452562594783,0.4285822331685184,0.2861067019136295,0.24619066003783163,0.7595391008448911,0.24619066003783163,0.24565152402538615,0.3236524508700671,0.37554410168332797,0.5539897620848726
89,0.1134941760422663,0.42791998059991054,0.20967332452705623,0.2597459434582404,0.10437985213647194,0.2597459434582404,0.3428668467128462,0.21557712765964165,0.10467101730965445,0.12875812264979625
90,0.30231527789868884,0.23002716857718553,0.1770864389514779,0.25656202985688203,0.37036794538777973,0.25656202985688203,0.3540827391273832,0.1846470308540218,0.12029722064577542,0.24455467450387192
91,0.3909552784162438,0.26275664955723965,0.32465586050768047,0.07904355503999783,0.1545006018099181,0.07904355503999783,0.6522356083099276,0.2304765341238122,0.2420818535104533,0.2634615714783546
92,0.3094419826361573,0.3567002076495467,0.5093451351720832,0.23662543089755128,0.8465606152420326,0.23662543089755128,0.30219438258184605,0.8096927720492211,0.44739729130059713,0.4912526419864307
93,0.7146460141505886,0.3332095372452568,0.5090389970221834,0.16703106480874885,0.5759162293501122,0.16703106480874885,0.7083636095225074,0.3735777372001362,0.4201419624180358,0.1853644422619608
94,0.43427113794316097,0.6844684094023066,0.31505858670407516,0.21642706397073674,0.4577218409349022,0.21642706397073674,1.1030772257422308,0.6662074439311949,0.8842833466085,0.9506002589117034
95,0.7250354576075648,0.6603799026555695,0.7184098745963037,0.23544887875378817,0.6837722372407053,0.23544887875378817,0.4763548547964719,0.6741890134854776,0.4864496062659991,0.5865984133604278
96,1.2162561177330438,0.3705953260038295,1.04568252762075,0.368668066087522,0.49118760883992574,0.368668066087522,0.9386035964900249,0.6286060734955428,0.43234271085346043,0.7323835697618228
97,0.13199503050013128,0.1794041246339524,0.16642712755017308,0.14239367647144519,0.2155613907654954,0.14239367647144519,0.21470719819752138,0.20785051925208065,0.1206770849245562,0.24768268727921705
98,0.10563357246299099,0.12087383842870136,0.10650737333072169,0.10688239016270096,0.12344151720029695,0.10688239016270096,0.11802437064400273,0.0814291170240713,0.15663449280255615,0.11872639005434138
99,0.25048253055430636,0.12687970854237807,0.12645679528036802,0.15123679034937731,0.148566621090928,0.15123679034937731,0.13197222446535273,0.1550322054201957,0.17067523809364582,0.13368382758900865
100,0.1601379800138435,0.19554709027503625,0.28161277111363114,0.1425057739538067,0.2631721432166184,0.1425057739538067,0.251996596987906,0.21465065282189066,0.13953672962022634,0.24889151972735268
101,0.46868493635578234,0.4743310146804698,0.413819564940213,0.240848340008189,0.4015357131485078,0.240848340008189,0.31195151400007926,0.5071214175051286,0.5894801849070438,0.6182844270611145
102,0.4271409383842465,0.6093230869225064,0.3485228717234897,0.1598732556592074,0.5200679867929121,0.1598732556592074,0.7194570130677789,0.4524953815972311,0.3803978677960492,0.42766575020131525
103,0.3936982321828266,0.7551824434366556,0.5515072387781266,0.28066627428426516,0.4361380428117153,0.28066627428426516,0.553768867502776,0.45427100724308145,0.4121273212145704,0.6517190399267618
104,0.3995716628475977,0.5334917327948714,0.4262000268923464,0.18523533747649013,0.49377623311058005,0.18523533747649013,0.617643059562214,0.6603530652938745,1.1682488487372398,0.6893512223020561
105,0.3824629108193085,0.7990227639864964,0.800763755304407,0.24911000283913176,0.8171089479289212,0.24911000283913176,0.8281583141346825,0.7925003771763242,0.5660326134694001,0.4727674618941562
106,0.31082972663217256,0.6031551781218105,0.7765492441630276,0.28787142655444997,0.6253718005086977,0.28787142655444997,0.8680878565223196,0.2822289575845939,1.1556990972549772,0.7005901139798558
107,0.5303727376741566,0.6645325402952735,0.5342684670023558,0.24736916061774417,0.5020418295482244,0.24736916061774417,0.5025242122485344,0.7561591185194139,0.41099336616093396,0.47107568232377617
108,0.3822941796024648,0.3177045948871655,0.36716755781132016,0.31933010127878925,0.2906113806906906,0.31933010127878925,0.2809686852826807,0.39888004207999017,0.31793138987747815,0.4922251739484236
109,0.20358037815649943,0.19606526225201282,0.1528311457935374,0.22900394766586374,0.14060358246067184,0.22900394766586374,0.4334850843594309,0.18045248121821322,0.20528817069063132,0.35889757504868414
110,0.16384429326196348,0.14612900748549873,0.21866490004327055,0.19983835916020343,0.28617440924383875,0.19983835916020343,0.45659701442265466,0.2024309609442464,0.46054452345400676,0.23248332722825282
111,0.3889799523300358,0.31854804322217767,0.42496773628217877,0.2843437098588718,0.491594204177477,0.2843437098588718,0.3413887646826167,0.54233671365273,0.22520740167210718,0.32091901465196915
112,0.5910839023350305,0.27307829570242814,0.5436851709483617,0.19425798750049394,0.4098552695278541,0.19425798750049394,0.7436749514376989,0.3551347300737444,0.8085884574641735,0.695753881299038
113,0.6216643875228368,0.3659360341218787,0.9231111887636171,0.2178641510893894,0.4399966409303475,0.2178641510893894,0.7473490458920852,0.2957544664810915,0.4050614153303991,0.5218480992250142
114,0.4697339468119486,0.7258247635841397,0.6993311470446599,0.2236350977414001,0.784408904939496,0.2236350977414001,0.7756694186627304,0.7950395865315878,0.5040108335209538,0.7067666864105343
115,1.0443366371405869,0.4058086464188614,0.8607438629488524,0.11467447770698502,0.4146621516272375,0.11467447770698502,0.7868490050565549,1.1142495838316238,0.8194023499093019,0.32545575127958526
116,0.46686776880078906,0.5646292039639402,0.28276467206961153,0.3234344323628493,0.2661110110539401,0.3234344323628493,0.60191433829777,0.43966495785528914,0.5867965777054522,0.36551751403363464
117,0.47162560688551713,0.4016516198947563,0.4412475501743822,0.24634476028640917,0.3093121894984495,0.24634476028640917,0.24305586849630334,0.3978729491565185,0.30151704498927057,0.7873741502371971
118,0.24583844629956375,0.25923265081901326,0.1872707166373958,0.35402925421301645,0.31864143247673016,0.35402925421301645,0.44263790796873026,0.6389847833449062,0.922833388132613,0.35983784687207954
119,0.495844983624647,0.794145037771192,0.5251868553105559,0.3403718721795449,0.6508076156031661,0.3403718721795449,0.5666817527512227,0.6736893086058583,0.6754907400298444,0.7966590814386657
120,1.009245658471364,0.9147761821758894,0.462378039105351,0.3940478828192755,0.7034217531989012,0.3940478828192755,0.4115195120998776,0.7423286342294094,0.8180294039638206,0.3890602973866131
121,0.9763282158332413,0.5060079419739831,0.31186718923314827,0.2913958839623587,0.8649630679388542,0.2913958839623587,0.5695558292669479,0.7104454644962337,0.4614415451295625,0.35436196263986663
122,0.40177003768005926,0.3532157577695366,0.46330500856018086,0.40037972666495814,0.4107870978466929,0.40037972666495814,0.29132849775509684,0.5290371228602073,0.6783927631877769,0.4456854565429814
123,0.6226392166382233,0.7571032383830811,0.5983261299769131,0.2944430354718153,0.6246426142136434,0.2944430354718153,0.9872302875295373,0.3998260109115559,0.4557161703117151,0.5821778857358751
124,0.6256662309062451,1.0005984451598138,0.782435142430787,0.2736256417234718,0.5462899715193046,0.2736256417234718,0.7770783636980789,0.44069841375937446,0.3205919628990922,0.7035935783327755
125,0.2652788021834598,0.20457361159994547,0.30079775545242715,0.2754919740108819,0.3987474159787848,0.2754919740108819,0.34422920063218476,0.38394152362891687,0.19704973488083266,0.3926238086855167
126,0.19514510513075056,0.4259034483976205,0.24078912604066183,0.33965082053136153,0.20209927530186322,0.33965082053136153,0.28943277581976834,0.2220061933541596,0.33469741722695845,0.1915037322994264
127,0.17066628523193184,0.29043910136461826,0.16297646043871739,0.26594982410435786,0.24496725568601774,0.26594982410435786,0.2162055987052599,0.25616358447162546,0.28130875090821883,0.25450092649504275
128,0.3114904479512338,0.7578564981490549,0.5381818154943296,0.27012099203048867,0.41216396841499925,0.27012099203048867,0.4239811641661051,0.49489372825040434,0.5812932415340153,0.5372346502570837
129,0.6624402705168493,0.7172643008465547,0.6503303310522305,0.22890702649145955,0.7201724492186019,0.22890702649145955,0.6514374689978937,0.6706489975618873,0.38779869117333565,0.5125750307563064
130,0.9701991157225458,0.6927114076170126,0.6217511834100307,0.16493437728545712,1.1837625832196705,0.16493437728545712,0.5734829072475708,0.31925155387298565,0.5816132331594128,0.6312546562277093
131,0.5481913992592107,0.5770683990540499,0.5488687871033973,0.27850703540218946,0.6622101711036177,0.27850703540218946,0.5408233826666895,0.5218631980051138,0.33961374936040134,0.7671703859306348
132,0.29927692853320775,0.9934775989283436,0.5817657365805209,0.20209429560053593,0.48518992281643625,0.20209429560053593,0.31706680655843866,0.3630970739555469,0.837598299763894,0.703417421851546
133,0.31613264034519495,0.6165347614597327,0.539246714771874,0.21607222006900906,0.49036031451939655,0.21607222006900906,0.6732514360339807,0.8074300933988703,1.0439018953539154,0.6103507826938208
134,0.18930064476129949,0.22596715603990714,0.09684643443300023,0.140614395288036,0.6731101083877509,0.140614395288036,0.27684237160962755,0.2062165572925445,0.11286031396900864,0.1451490418475717
135,0.08149207965444294,0.23581565975091923,0.07889754229133661,0.12816968888034364,0.09472397459215876,0.12816968888034364,0.5041964318551639,0.08417570166546795,0.08329385123977595,0.08030582017786358
136,0.24373077326019155,0.2968988872864874,0.34479876132139564,0.26111651829388605,0.2374238767377932,0.26111651829388605,0.3360551098577417,0.30318998062631575,0.2345171636283533,0.2804272151328874
137,0.4747524231401994,0.32175851480535156,0.26423817035098984,0.2160886841190004,0.5024709500636527,0.2160886841190004,0.38741079005031664,0.4149014792364044,0.38086588791706044,0.5209054464165848
138,0.5801784734395876,0.5043089053465317,0.5639104759804471,0.2880375642620886,0.5782723711992495,0.2880375642620886,0.6994259606311439,0.7888245898173103,0.708591996207607,0.5449566848936815
139,0.7776822087297084,0.2562585732770113,0.8101528179585359,0.22226204065258826,0.31445152419177136,0.22226204065258826,0.3197071340452188,0.23901608123346219,0.6082231450696642,0.5735021108342658
140,0.720884721980426,0.15615020795829782,0.18425197823415074,0.25393588002633083,0.3866022900988916,0.25393588002633083,0.49779130034243624,0.3102120308093417,0.5086779015386207,0.24543236508852795
141,0.6910162238721138,0.2762164724692807,0.33252901825113623,0.2652510657341641,0.7535176771709696,0.2652510657341641,0.8850655917608375,0.6483019355447124,0.368616079273576,0.5703406744420862
142,0.3874872114729052,0.5249755324070398,0.4053275304075865,0.327306605288197,0.5769839171284127,0.327306605288197,0.8342256979193055,0.6610353359941089,0.4745499595412743,0.3574555389738202
143,0.5776755049153954,0.37874931981812066,0.7991339107916615,0.3532650404340374,0.48713935083399384,0.3532650404340374,0.6114997119031411,0.7053830779091391,0.31940897671863633,0.34482382979157156
144,0.44481969249220643,0.33115673909333265,0.703666893274191,0.26561541945258904,0.6671079392551607,0.26561541945258904,0.4075138246424902,0.7315260363947413,0.39857480950757096,0.7181534842005675
145,0.4023694615536537,0.3375585175763749,0.26869642089491996,0.44517379296742743,0.2522827750811564,0.44517379296742743,0.27333414754881646,0.2900617920846311,0.7332683098377657,0.4151746565074008
146,0.6458992239438035,0.23477521656502476,0.35295254027841005,0.24757851275513498,0.549139358802619,0.24757851275513498,0.44513850374094,0.4377269098902943,0.36035718933013505,0.6521054236822671
147,0.3495018538886937,0.2755654432013669,0.7649306878778419,0.26231689223976096,0.6761088185320008,0.26231689223976096,0.26782632033326736,0.7702443937780276,0.7536863415555504,0.3001308048172604
148,0.3330731940600046,0.5446759996057019,0.4820834192899395,0.312056116844159,0.4833211240604647,0.312056116844159,0.3684384253810996,0.4390406925271616,0.5464113656204743,0.8192071745275301
149,0.4339407438091112,0.4887559633427624,0.43958744607512656,0.3932202928155133,0.58018720581237,0.3932202928155133,0.6371803596066642,0.4748965736310212,0.5398458714087413,0.6046713252762028
150,0.40722677437344135,0.9877110134999663,0.5228627592244438,0.3640211016160404,0.3810045312404302,0.3640211016160404,0.7842734450553404,0.5136057141554544,0.48453515025413163,0.4839348152910494
151,0.22458709170813396,0.7441243484750611,0.26252094283276006,0.28875598341387165,0.5524948421195546,0.28875598341387165,0.45026390664468685,0.5814920167862084,0.3901608830203711,0.8204960244344208
152,0.4488400844841377,0.33925899450331387,0.2899923157000327,0.28891728877796785,0.270124587381235,0.28891728877796785,0.27667321602754846,0.2658786204974869,0.49673992875950035,0.22670867421412477
153,0.2172227660627858,0.3293122480772728,0.6062654033374504,0.39140116639773537,0.3603514749666794,0.39140116639773537,0.29790367059912426,0.4656133704297347,0.2490864220950233,0.3780880598887746
154,0.6320877394542872,0.3508094761501488,0.45254139529537196,0.4502723637336189,0.44201980791638695,0.4502723637336189,0.6503759950449928,0.8938298192717732,0.5655930656326356,0.47822424725068446
155,0.7597490169327885,0.7469892100746007,0.8219917849732454,0.28768502095263704,0.39105536759856185,0.28768502095263704,0.471685000476338,0.6428546278787978,0.5201526383505449,0.6933575797586586
156,0.6417775541292132,0.69543285283173,0.5285809886506736,0.15801200466933896,0.724393486231619,0.15801200466933896,1.008227275136748,0.7691692669812986,0.7694811404013668,0.8626275747548167
157,0.6783591575034094,0.7831377694318059,0.49767601003667095,0.3370517862789899,0.6662601111066824,0.3370517862789899,0.6898542382017967,0.7702433960800419,0.7350030939625823,0.5013636425704302
158,0.42698580350982895,0.278921898290592,0.34602456277038895,0.29258114698796434,1.0249441144040297,0.29258114698796434,1.0958730612995335,1.1252427796203475,0.49388697747467336,0.6223372262861195
159,0.5786941232623364,0.4558895555986715,0.5129553080195235,0.3135632201084241,0.6234024290325754,0.3135632201084241,0.638079149618335,0.6947776949953304,1.1005122553403528,0.6177824510608272
160,0.2779757859579498,0.8502447561631455,0.25427880936300085,0.18517480976808998,0.5944239008280383,0.18517480976808998,0.1820663378811478,0.12662203639271097,0.18177366429748065,0.48115837998055455
161,0.2729896621294483,0.09372298697015946,0.1789339677324946,0.2180024054249161,0.1091161912074553,0.2180024054249161,0.258378216408645,0.1469833030196458,0.10407675168323893,0.17497850772300838
162,0.1794892301204125,0.2771073038288394,0.18804462662916765,0.40323456413244396,0.1725613439957543,0.40323456413244396,0.24217661739381213,0.3275609840714163,0.39642052343812306,0.352420624091621
163,0.374855644704317,0.48345790679085165,0.3333929947466433,0.13428129516914078,0.31489372905464397,0.13428129516914078,0.503964921147002,0.4897864879217626,0.23999791098575662,0.28778182080889236
164,0.46664679405857024,0.28957114693654395,0.6091756298858003,0.25451388573236555,0.7215485480197037,0.25451388573236555,0.6610656301726445,0.5447073108442266,0.6568351377214688,0.4443906852747802
165,0.4235239760111221,0.7317042808814669,0.2995045246116853,0.22259084699292375,0.8171114430176559,0.22259084699292375,0.6540261133455276,0.5281673312293891,0.43867091195929453,0.7178766214782538
166,0.6178920403711485,0.6097078312207528,0.6415675188085618,0.2542190567343098,0.4501089541838621,0.2542190567343098,0.43505310436805233,0.6630489199903817,0.5442714542320999,0.9338454715439316
167,0.34711843320494673,0.4256563103034626,0.9041842659137043,0.24573178278775976,0.6945297881074468,0.24573178278775976,0.6899477263602045,0.7559005622346407,0.7011125536540457,0.6961294581242932
168,0.8284719550553765,0.3442743364879145,0.5571768600895357,0.5634528224288426,0.46389641247903823,0.5634528224288426,0.4644463775620927,0.714533736668991,0.6700537814895158,0.5320469970101784
169,0.3877048631262502,0.42300245728065033,0.38171065909408397,0.31022982079596684,0.22248632075163133,0.31022982079596684,0.290137206044642,0.5072213710862696,0.36996168472138924,0.2821393962009697
170,0.16807746011615055,0.20814965260997398,0.123898766760982,0.1910184793365829,0.639646111923613,0.1910184793365829,0.23950005082437076,0.09511976832922131,0.12613158392863466,0.338748820468626
171,0.08461945241628221,0.06808650712052455,0.06104734021723157,0.06672863505066762,0.06959562081888682,0.06672863505066762,0.10411369910962931,0.0596761930573938,0.08979854143378141,0.10251348588227016
172,0.10506992419126726,0.11488289416117514,0.08871901784748826,0.14239763138153327,0.061647524268926945,0.14239763138153327,0.14722904891541866,0.07263196729869204,0.18248214041317679,0.04558587409298731
173,0.058825358732086164,0.05564517045688755,0.03857863055269306,0.04431335088131594,0.060805832910387436,0.04431335088131594,0.020076233807741706,0.03614906033631338,0.06710090869772567,0.05327934524354261
174,0.3569832707669265,0.20516013306646197,0.28982997463254245,0.1776441829508515,0.3065797735035143,0.1776441829508515,0.373546503527453,0.21523063229539363,0.22824725582571093,0.7017156941963656
175,0.1954517685003474,0.5446940052991168,0.38010557024803626,0.4476936294038457,0.28661562903936466,0.4476936294038457,0.2669456268602116,0.15823487955596138,0.3763827206435948,0.22491365818745723
176,0.2728040273719293,0.2347767132362315,0.31969752752117264,0.15364533615535858,0.29478016720307487,0.15364533615535858,0.503637632774357,0.2694862696176229,0.4412756431494578,0.12219148147701464
177,0.4199457268375275,0.3529539721983036,0.4093153761700322,0.2540620448213775,0.55991421962084,0.2540620448213775,0.4664949138573883,0.3708568491507107,0.6329099287162178,0.4791104666585426
178,0.4615396693404441,0.637415857867587,1.3502413169316372,0.17255443503495504,0.43787006599339506,0.17255443503495504,0.7666054383298251,0.7689231594179619,0.6396475779463602,0.6745877028051082
179,0.7857581621648075,0.6980228506769266,0.8393205685151637,0.3607377573987095,0.3970743163771393,0.3607377573987095,0.49769888721205835,0.33971426992675857,0.323599660368069,0.37871151186570606
180,0.7808648342471799,0.8366682934854103,0.39224337218654215,0.30667900829297423,1.1243584658455086,0.30667900829297423,0.7435946713397612,0.7316926759293971,0.5443676369233652,0.7209038868143954
181,0.4699894459372892,0.5775762128565632,0.47429361391782265,0.35323369015125394,0.2847287984297602,0.35323369015125394,0.899817270850706,0.4233154329013378,0.6767344701344553,0.3186925574156415
182,0.2791349704813584,0.40848225225089285,0.6862303261170984,0.2891455030253388,0.49947734102850116,0.2891455030253388,0.25323714114662865,0.5599568352091784,0.4782810712047456,0.5533453894478462
183,0.21756786513979165,0.19973016742120686,0.23239000853865865,0.2120638197223662,0.2834040918217071,0.2120638197223662,0.4160749718556721,0.14053477677456427,0.1826283034949545,0.16118251778035841
184,0.2331041534833359,0.12779312933599585,0.09261197936174004,0.14134215207628775,0.284207340813019,0.14134215207628775,0.27884241089099704,0.21290207900475888,0.15879223699758138,0.19813797606150485
185,0.2039124557990224,0.19246893026601397,0.34396644310584024,0.17912316999129985,0.1224568348520142,0.17912316999129985,0.43635330014977824,0.14618644274510506,0.15442887741894296,0.16235609272383322
186,0.3018943847535953,0.2080375017885694,0.2544455675993488,0.15146196499790132,0.26718318274437536,0.15146196499790132,0.375039137465234,0.22283975091148345,0.2635335260575805,0.14302860276950025
187,0.238234962583878,0.18282366776466374,0.11580511759545697,0.223317162841269,0.13444397140927977,0.223317162841269,0.09403729293722685,0.19949643789446037,0.4416594408722594,0.31251938261124146
188,0.2475356722984442,0.48934244039911423,0.16227412719874168,0.211392603336773,0.10085542467032782,0.211392603336773,0.32380684289554196,0.26033460328732716,0.14553181720640018,0.18550070626500437
189,0.18270734623915263,0.21129575859346794,0.3501567937844874,0.2903512254780808,0.09426298321185111,0.2903512254780808,0.1584504912139898,0.20153506507291774,0.12348194158966774,0.42903492648607877
190,0.3779571143215872,0.1771878551288536,0.26974822309269364,0.24648958711984315,0.21336961910010832,0.24648958711984315,0.17979926998205342,0.29696519995835624,0.25028142412960264,0.21626014266096005
191,0.3539647980802385,0.36951612870266026,0.31439595403301335,0.2492927143305299,0.3596789398257014,0.2492927143305299,0.3913464994587633,0.4442247992388507,0.20419803840041573,0.41510074182334056
192,0.33886290797761354,0.8290659076491382,0.8543097227026157,0.1938029852717641,0.7638905558937864,0.1938029852717641,0.5559839671228539,0.9269265255757617,0.910019711449301,1.2337998210952144
193,0.29617363610092573,0.5985515052173667,0.6428970148393746,0.32921108965187384,0.3075843577732641,0.32921108965187384,1.0727133914670102,0.7087796905998571,0.5305157636339506,0.7931034007047828
194,0.5119372202173901,0.3771102940840736,0.652861848873422,0.2266570746977934,0.6012908248395192,0.2266570746977934,0.8999589468050315,0.48938432493661155,0.34142831788341743,0.8019651667854298
195,0.5401249970022038,0.4775932401950138,0.4159755509144405,0.27542828841460965,0.7160735323728602,0.27542828841460965,0.5066583040836161,0.7912870982645029,0.4362188119454705,0.8930271710407925
196,0.4958256894296684,0.4267757791431265,0.40342423876947175,0.36880847170109865,0.5077202695413942,0.36880847170109865,0.36953947776593443,0.4719484642125614,0.8900741191712195,0.6898936963643978
197,0.6153020376295082,0.6718427203617879,0.8316498043341555,0.27682623152276675,0.9534749902839524,0.27682623152276675,0.4885882338492509,0.7044124051142524,0.5339928850543958,0.4754992701198929
198,0.7775387309158832,0.4121534557622252,0.33384053513195966,0.24823005765472395,0.3299271836470208,0.24823005765472395,0.49597404972805337,0.5583947896584875,0.5040867654049659,0.3352580718145953
199,0.21294952934631128,0.13011393680391115,0.37827567146367624,0.2462218853216368,0.31228112812738784,0.2462218853216368,0.2459118871496906,0.20374536076826244,0.21910380960377263,0.22126772230013103
200,0.10940991710001124,0.5541995915674054,0.23296751860806886,0.2040512342070787,0.6727348773573523,0.2040512342070787,0.20668715917309877,0.24987370776467255,0.16866247683558844,0.14662942295546966
201,0.2549183082338715,0.7224835472842245,0.20676746515294953,0.3964443615692148,0.2820906325312308,0.3964443615692148,1.018942794415144,0.23773137558431,0.19469317458051816,0.1299661523292457
202,0.19344426379225188,0.1791731578183441,0.16487438846976565,0.18843090688960384,0.32043371654354114,0.18843090688960384,0.29506954451484524,0.20184546168282558,0.26331495248526415,0.2808994934036394
203,0.603581963298047,0.4354304108634297,0.5008255829551085,0.27363234471477904,0.7154812799387085,0.27363234471477904,0.6147372155932185,1.0917235053479382,0.42271462925493375,0.6629005562073187
204,0.6190403405535467,0.40665193533836785,0.9415050770132591,0.2536791895798951,0.8267124257561587,0.2536791895798951,0.7359576914716472,0.4008877761493399,0.7201719546172921,0.6567555049492905
205,0.3274520577776917,0.3912558038971786,0.4538358200214434,0.23557050746104102,1.1749745238564158,0.23557050746104102,0.35159866494243364,1.0384918190886425,0.5671039864368245,0.7379480333372466
206,0.4139774518271817,0.26845006649478587,0.7065726226647555,0.2549348868928143,0.5540899271762534,0.2549348868928143,0.6996485077270759,0.6802523846766259,0.854313237888884,0.6319700549984894
207,1.1712816580240575,0.4904091369181678,0.8835462339100326,0.2312661966341203,0.9235203327929415,0.2312661966341203,0.8998800707719123,0.31019419549402516,0.404163734762244,0.6966553675057423
208,0.33257383194173873,0.34846112239798643,0.25781361884500054,0.20989330165795328,0.7625587877614101,0.20989330165795328,0.28428113151618883,0.4332744826485543,0.2832809980602845,0.32700772012395707
209,0.4493491663969802,0.3856509587983946,0.5293780771196431,0.36910230499998753,0.2338027808508405,0.36910230499998753,0.22811894922026477,0.32176324106100396,0.3438248394632477,0.6182037545120671
210,0.785049672919043,0.8523687399790008,0.48436041834934496,0.2049360113090174,0.8134935800469429,0.2049360113090174,1.025676361799039,0.5644804156230712,0.7224344708333528,0.47517253383614866
211,0.9248028243599352,0.7493074142829503,0.7163605966645908,0.25269075421383413,0.6591551714669384,0.25269075421383413,0.6654997450845206,0.700909244911041,0.8786615516241011,0.34631181860730476
212,0.5679193386715407,0.7869457514970446,0.1541571292900873,0.4983542124797228,0.45682694452657113,0.4983542124797228,0.3019895832881935,0.40802461831699144,0.344227183847276,0.742879999293062
213,0.32358420349525163,0.208349005003035,0.3586004053339775,0.2324700169060302,0.7872588597640334,0.2324700169060302,0.29949110135596235,0.25663318578301264,0.206875910606501,0.7532605410801296
214,0.6391994415932017,0.20711339960407638,0.4075277331371201,0.4742913478857118,0.3570822788019268,0.4742913478857118,0.2284093603052051,0.3249058863556764,0.6959579876154666,0.1427082703963546
215,0.47849509582882666,0.31376607630193576,0.2220534224277333,0.3021511494286505,0.23372354922975558,0.3021511494286505,0.33888465045188265,0.273668209630586,0.1961537511752408,0.3956844409997494
216,0.4542520358806076,0.5495441166336867,0.5299213353646146,0.24841679087329605,0.5187323484538144,0.24841679087329605,0.3535779924406286,0.2564596227872554,0.40346808127464107,0.3467212652024969
217,0.657585214910873,0.5900864423441954,0.8192889789484807,0.19805984566859947,0.8154017545403317,0.19805984566859947,0.7616279739790917,0.4050404530626265,0.6642001462505578,1.1313273023950838
218,0.9970388749906701,0.25902176360683715,0.7165644325968414,0.17109929767896503,0.8605865069546539,0.17109929767896503,0.7324105703345538,0.25152760398050933,0.9752474604029004,0.41769733746027327
219,0.7063152997433321,0.9939225092110835,0.4088426735315672,0.2974820987396597,0.5322520045707054,0.2974820987396597,0.5959411124878792,1.0851556304520906,0.3248590068412003,0.34392679951848526
220,0.6095082504875866,0.8879000968117297,0.9144072524871978,0.15201866193983904,0.6674230739044132,0.15201866193983904,0.9775627294546634,0.7366906630030818,0.7647075971695049,0.4860878446680247
221,0.5561027018464069,0.6533027410836145,0.5651305830664338,0.32399405901013045,0.5658016076471941,0.32399405901013045,0.4230813855623977,0.7332801238354789,0.9247585693572725,0.6023444512863754
222,0.557999586817097,0.7075513119967272,0.9274984635489435,0.5052378853589645,0.3687820066976518,0.5052378853589645,0.7376038991590749,0.9578715076438236,0.8101198428391136,0.3994241343301618
223,0.6174820721015568,0.5555748950269601,0.7690639515273734,0.36366433939660137,0.3472345572551683,0.36366433939660137,1.1067114804117528,0.40837308288162544,0.43675252205397885,0.7128983856019342
224,0.35383549236192835,0.26384122442178115,0.5100739878239049,0.4407121507203885,0.4108272908431817,0.4407121507203885,0.49804905836112,0.4830146035632096,0.574415424741554,0.6402196492606245
225,0.3550463803520887,0.15504139303609998,0.42522879258786406,0.5034615850951205,0.7409088719174803,0.5034615850951205,0.3605942458019499,0.7759421223848211,0.35478638035849774,0.48223642807390976
226,0.5304572633112523,0.45954162325673353,0.5655657718508811,0.2865073554773683,0.9706764076957836,0.2865073554773683,0.9240063693022076,0.33305350218682284,0.3899254320998574,0.9547222942523402
227,0.8278177559914371,0.543106110902269,0.21227470292076667,0.39433294920559914,0.09674953382871021,0.39433294920559914,0.23407027048799078,0.19720991081337647,0.27193503865205737,0.17485351388828163
228,0.15844869903401182,0.11972813794301662,0.14457851172145741,0.15639579374443868,0.3123832904121042,0.15639579374443868,0.1649909061290178,0.13123033223504155,0.11505151302753147,0.1531704822633796
229,0.3201522391514591,0.18359877326381457,0.13931907912399977,0.4076640405967974,0.4318798098362928,0.4076640405967974,0.319728433632821,0.1848606631327745,0.7743208739701691,0.2580760148459099
230,0.19056376257876584,0.515252356454321,0.26368255591662026,0.20717414869826178,0.359178978545611,0.20717414869826178,0.28120607330486114,0.26917411579754025,0.429151739643437,0.30288440412887974
231,0.44567038239349777,0.43340619455241824,0.48924926058891127,0.24377171146147747,0.46740371143502946,0.24377171146147747,0.4161354534927796,0.3749545692796138,0.35922863628701085,0.6066605741387308
232,0.7370836602552064,0.603913535021319,0.4109548843068771,0.21736819920080686,0.5749386325722574,0.21736819920080686,0.6777782431994035,0.7525004694542641,0.6428691737015917,0.7112438586548923
233,0.6759603772311813,0.38121270020157016,0.33709054794042537,0.26232095269009514,0.7038561960312507,0.26232095269009514,0.31596883881040216,0.9131957805827413,0.5638470223448133,0.902933614457725
234,0.15258849254367046,0.2702744026619073,0.3812440344316056,0.314982022407709,0.18095060827279064,0.314982022407709,0.7513750590081643,0.26438854456785643,0.3070260168344151,0.3598128482888321
235,0.4887266607376901,0.3138722495504761,0.5710770766064301,0.21092433798685728,0.5117781473887335,0.21092433798685728,0.5115454512685738,0.6834136062277429,0.26267552367112323,0.37669056492637
236,0.33950220566662503,0.5309324769433654,0.6871833042033912,0.36353556655138997,0.4886594211969977,0.36353556655138997,0.47348112455305225,0.9590746773558201,0.26700729161326286,0.6555075554000287
237,0.3878048345279178,0.5289363604462408,0.25737262310175035,0.1354159608254255,0.6633858835577442,0.1354159608254255,0.6464135313430688,0.5719655391538339,0.6608144319558326,0.579124782612745
238,0.43447798122399306,0.6195577485807562,0.9551178146673818,0.5576092371862705,0.5799013343712912,0.5576092371862705,0.20724562067294705,0.34211565008564215,0.6211711985252548,0.893771677717676
239,0.9108160500017769,0.7065728627265702,0.6927951569214152,0.39378350461848644,0.5794159753666348,0.39378350461848644,0.8105250361824288,0.42718480780567036,1.0182352456271144,0.3239033951434568
240,0.6353406806456112,0.2743723129272171,0.6392480556426805,0.31624280354084344,0.6457146122403237,0.31624280354084344,0.7682625460201777,0.8296604373536371,0.3566168072689929,0.8703850101894032
241,0.5047449384066471,0.8637915962366092,0.3877006360242813,0.18860455224326,0.48262841009725843,0.18860455224326,0.38627552286199385,0.6485495290042719,0.3353171395771267,0.372473163917991
242,0.7540358999554855,0.3156627792188611,0.3617448285350604,0.3001740896535351,0.30265348450727836,0.3001740896535351,0.25544877106743014,0.14735747890357642,0.5080434741397162,0.24003876142229696
243,0.1728511106986983,0.08199875747372387,0.15220163606813653,0.11827633707881147,0.08038815005340227,0.11827633707881147,0.1042372715097939,0.09267880965726649,0.1122300545249354,0.11611806893792065
244,0.2612005876193235,0.22654330299612957,0.148594500187489,0.21791897638268543,0.2392638393523664,0.21791897638268543,0.13074321570489245,0.11075646939221517,0.21178111217049767,0.11804786158567138
245,0.1625281384828028,0.22038563683183776,0.30131993250243416,0.2056721668051309,0.31058924213473516,0.2056721668051309,0.4295907298009838,0.3639829777811837,0.2185670412360674,0.5091066460490303
246,0.2627964014490284,0.4300725824916676,0.3671833680504434,0.21751519071016268,0.32615302192590323,0.21751519071016268,0.6222979425974666,0.4451737496461853,0.3514646010474014,0.24592230700005524
247,0.4223283600072444,0.3362893431479901,0.5670693627667909,0.1502425120969203,0.41051687392239933,0.1502425120969203,0.7551921025275171,0.4189185771003793,0.38262829929298525,0.544680942268414
248,0.7000052583756287,0.48703905530392844,0.26299662229015386,0.4201929339802043,0.41743521881516266,0.4201929339802043,0.4184244940215378,0.4492138212350112,0.49689348435674463,0.5081719608255606
249,0.41437560137593066,0.6234907079651509,0.4829870468215215,0.25922493838823546,0.5354455542361864,0.25922493838823546,0.6634518147945729,0.5237736007674354,0.674109590480338,0.6471805555110889
250,0.43412758434420906,0.5476040097981238,1.2990134962380877,0.19403484097957435,0.732737990955354,0.19403484097957435,1.1475037409533735,0.4204158315223925,0.7357507465252947,0.5216839268435323
251,0.21596507281366883,0.2469963636283783,0.3319563727231195,0.3038093554900082,0.44919747086666484,0.3038093554900082,0.5376521374537628,0.42238435674765007,0.44222989774893906,0.44755482334665375
252,0.218408071708608,0.17215430849889224,0.31416103993907807,0.2520799377896227,0.1488693857492427,0.2520799377896227,0.28715814418302366,0.3834092929327283,0.2558790691859296,0.4630449664327838
253,0.31477466644413377,0.47297509078241906,0.7366329063469921,0.2602161118943924,0.4415998812695111,0.2602161118943924,0.35865663235109513,0.24101874660019162,0.5438166265138547,0.4579636135400853
254,0.17628156486485713,0.2754072354336716,0.16745609212769874,0.2429784279369941,0.09663029387205535,0.2429784279369941,0.07865314423856962,0.1508706347127221,0.13819001823440735,0.1875708998066633
255,0.19004822302907642,0.376608016271303,0.37726748442738856,0.2959705603921087,0.24910868034361144,0.2959705603921087,0.3471395183458623,0.28608085218272805,0.4358022273126795,0.4490470200146167
256,0.2951843981972757,0.39264809738614304,0.3898491078549743,0.23837201955868303,0.36749085852346075,0.23837201955868303,0.6012963473341211,0.37914265270425473,0.2838573421680026,0.5163056212515613
257,0.6788890909567842,0.3414909728760066,0.35940315092731945,0.3298455103881125,0.3307823971877477,0.3298455103881125,0.6574645923214087,0.5515716041492957,0.3980966812952107,0.5220019716147521
258,0.6398186732847843,0.45674561830490823,0.351673766674543,0.1659998891860266,0.5247279013962725,0.1659998891860266,0.48487701565135155,0.45010571535030175,0.5154678681429447,0.3965059652632622
259,0.5026618295086958,0.6472029953843728,0.2889792730825467,0.16953282234327371,0.5984415352858881,0.16953282234327371,0.41980847177736236,0.34210197622040883,0.42595687415255745,0.518683029549202
260,0.1911436110354212,0.31946781238080746,0.702654851995596,0.3871820499060179,0.3872164980682419,0.3871820499060179,0.574772697221696,0.3079463551905296,0.41938317348276166,0.5631829462009434
261,0.7545786925580384,0.33228297469325785,0.7810684458807909,0.26412825869992407,0.6042794858658751,0.26412825869992407,0.7975335151777513,0.8757379837785138,0.7833193266230427,0.7239795003599472
262,0.6526938722867739,0.4468495753381203,0.35163409203940865,0.38687266326715986,0.6236633068329474,0.38687266326715986,0.7251350761612543,0.7578400726054658,0.7179390420155201,0.5628522761277421
263,0.32598148053716147,0.8658643016724665,0.911553589980153,0.13035855622572767,0.760914268204207,0.13035855622572767,0.8503745137309485,1.1700278253556902,0.5810044628566153,0.33102855658839636
264,0.6028189783665051,0.8550970748298422,0.7122176642151987,0.24651515374509692,0.7333732832601155,0.24651515374509692,0.9291904357286087,0.6250395444652979,0.32473546544077525,0.24067182361584305
265,0.4593834445316509,0.32690515562223044,0.2678223124826481,0.33162335433130885,0.6618430170212732,0.33162335433130885,0.3689403763611415,0.6211795040837287,1.2426698927607098,0.24513186718378144
266,0.14975952483542643,0.1426354210408638,0.4754335166450787,0.21750517569288585,0.3882472968017302,0.21750517569288585,0.23621214243950373,0.24381128160679466,0.4771592006404207,0.24478136995087318
267,0.0947430807765669,0.07776653594429783,0.09466670814106048,0.0930464114190439,0.16508350577921282,0.0930464114190439,0.09122954157076546,0.09076132888324284,0.10049972841099597,0.04869814786592508
268,0.045475010116535985,0.03107366585092841,0.048091656449214426,0.0490506640305064,0.048866492981538445,0.0490506640305064,0.06236567594800824,0.0807374948515226,0.07997577565816794,0.0638189900908831
269,0.13131110507053068,0.16663170506088254,0.10553708747241519,0.14484565692758244,0.2050158841301496,0.14484565692758244,0.22165826480352147,0.18156049732936064,0.23490365131195923,0.17145418499061804
270,0.4342043954917151,0.15968868036566197,0.18387744993942434,0.36166039622804846,0.29479252522032784,0.36166039622804846,0.1443506498013727,0.18757811699797589,0.21002829721463734,0.14998971249979764
271,0.4245418574667953,0.24988524273647617,0.40772064915755946,0.2888726447883344,0.7291960414526129,0.2888726447883344,0.47015322336909693,0.4130906469218657,0.4503936966621378,0.28166528484048403
272,0.20133857050021242,0.18046444501495384,0.4434550288693403,0.08633705724404095,0.3666939082031315,0.08633705724404095,0.24889060278913255,0.5315920551502,0.27106755327510434,0.20133058854984154
273,0.11391024953565276,0.07764140719665913,0.1311605024755298,0.11632186742348039,0.19369323628000346,0.11632186742348039,0.10436484762730591,0.1584461368378034,0.05406121039962564,0.09794453320930396
274,0.10737477406076368,0.26625212209124294,0.08564387835749898,0.20642788865728212,0.12148618601461003,0.20642788865728212,0.18757865554040276,0.20810139039509035,0.21755815204564544,0.16778712253521777
275,0.20212384467260747,0.10508262841383798,0.11183884971526692,0.16181730553775586,0.0736132959456458,0.16181730553775586,0.06003065860603196,0.20155761408119832,0.08183140752158669,0.05060089991104488
276,0.24535604033599645,0.07635554682444567,0.14502233748113358,0.1090316445969075,0.10442159374538706,0.1090316445969075,0.17669327330749074,0.12322651893538794,0.08096007291020191,0.1290179111279035
277,0.20485988725420146,0.1219406386405234,0.13223030446055983,0.13757820958197375,0.08367918730923096,0.13757820958197375,0.11251661472202512,0.07193153986821643,0.11434997858407225,0.12957068143793737
278,0.14723149729391005,0.13423975684533995,0.19292091669205136,0.12680646704643594,0.1319247649005003,0.12680646704643594,0.1360893116891705,0.12340702965127592,0.2135686867629819,0.11958744822503942
279,0.12905816929902514,0.1717973867617476,0.664101472643102,0.09974410281369306,0.17897939770184612,0.09974410281369306,0.3435307264949061,0.2429857777502772,0.47482300080607553,0.32399007128240465
280,0.36220187250656244,0.20173225426514674,0.34455475810677605,0.2663655863116231,0.24360757031445535,0.2663655863116231,0.2547801955709207,0.1331521090387503,0.17768187723096007,0.3291576993033003
281,0.25567641775947714,0.6597452754845571,0.2740854600249646,0.1415540656980836,0.3994159678366025,0.1415540656980836,0.5582736529226823,0.6436138336617183,0.30368511616827665,0.4195714317979352
282,0.5800907732911242,0.32566592845179176,0.3688965317709555,0.3574632799947164,0.4240990148700552,0.3574632799947164,0.6491103386017569,0.5336184509258727,0.3366999715533828,0.3919745239838933
283,0.7470713116373974,0.30367529103796287,0.22682153720299292,0.20189867064750444,0.6096872733348315,0.20189867064750444,0.5255401938920001,0.4597729856306374,0.30754235278491393,0.2841365766412607
284,0.38616125054808226,0.6253963223493775,0.19282904721509675,0.3509622686345597,0.1237445091967575,0.3509622686345597,0.23105634619648885,0.24230445140582912,0.19413926101781043,0.3080581329053962
285,0.39633588709522705,0.2513204243274315,0.2972306871324316,0.2828983252341757,0.47758962285040896,0.2828983252341757,0.35905080030896475,0.3640607845745464,0.49117150528758724,0.34273199124375364
286,0.47649252918107565,0.5074046564029839,0.37269862689128186,0.2948202616268242,0.40697071997558165,0.2948202616268242,0.5131044922393035,0.8026462565723145,0.4670321232094429,0.3515712228207174
287,0.5483319790550708,0.4804240606420609,0.4289231510615341,0.26054801166352826,0.5216874487481656,0.26054801166352826,0.6171586439950357,0.6898702074338445,0.49592901958850377,0.5694385711171797
288,1.0027401776029976,0.6577089657250461,0.5556935509344024,0.18023164035159134,0.7568207813109357,0.18023164035159134,0.48819183655295517,0.6234899973995264,0.5481422580789306,0.513488953139861
289,0.34210430884334264,0.7558983002262611,0.7911311701267929,0.39362864506008466,0.9324129073143046,0.39362864506008466,0.49351937095267695,0.7810855506044664,0.546462207952999,0.6683982500202235
290,0.7644055887687574,1.0080046623201897,0.7956961187776501,0.25115019321446885,0.6241411041824807,0.25115019321446885,0.6687605187590747,0.5090783381252052,0.8159584638632391,0.6266523077762346
291,0.5661233628929779,1.0316880525535974,0.6894640437947421,0.3297316939113315,1.1722847226353668,0.3297316939113315,0.5073997053386226,0.616631772205003,0.5352640130170871,0.9249101441641373
292,0.36493700509072835,0.7025583772480192,0.45468665660964525,0.3448544316212472,0.491304134027436,0.3448544316212472,0.5972092566657768,0.8932010825128561,0.5249500369653239,0.6157297443040006
293,0.452997076644133,0.5642053195997734,0.8093338321413528,0.25273652530948,0.46041214040792,0.25273652530948,0.4673982536620993,0.6917373325225802,0.6108963303851773,0.9565804360065838
294,0.35479870848865447,0.3244381503640845,0.23495395126071295,0.3442409941352209,0.3211173197451659,0.3442409941352209,0.41351288408562914,0.5436325720629219,0.5703778441437826,0.3422267331128148
295,0.4381800708938458,0.18772413010710776,0.1713616784440255,0.13876112779218808,0.3432003142905241,0.13876112779218808,0.525145894448719,0.12932003849928153,0.1297449480051901,0.20643366894074866
296,0.2429505704504421,0.32740058307038455,0.14125940007044224,0.4268912316964426,0.09079373681754255,0.4268912316964426,0.10376176558099814,0.3135911945679367,0.3041138522992939,0.2802131649081704
297,0.3959736349469999,0.5870387812573004,0.4276473058981205,0.23528909018504196,0.37667068028686157,0.23528909018504196,0.39814380469811017,0.48391891394933717,0.5581411397979302,0.5118997750992267
298,0.8414708637978523,0.7378075615111904,0.5790481724774603,0.1338223078478279,0.811594882825386,0.1338223078478279,0.4357187114879636,0.5004584552562397,0.27048699318136393,0.3822460079913629
299,0.7242871425962933,0.37577925007902846,0.7827352564172486,0.2851719216780131,1.014798409610274,0.2851719216780131,0.3513244733150426,0.8397574639821831,0.44959838788089757,0.8749631228677128
300,1.17553203762362,0.6374881726033685,0.35401421801538147,0.1985177983582559,0.42873879993771413,0.1985177983582559,0.728597792382561,0.39032831670647383,1.0612431434987104,0.6534276988083255
