1,1.909710449476746,2.274258718760694,1.9629685515148312,58.09821516814635,1.8765608055568916,58.09821516814635,58.09821516814635,2.7322978908475695,2.3733762961468514,58.09821516814635,1.0515371688411643
2,3.207679543129351,2.1248812213076684,2.944892003814175,40.5056692480912,3.929300281310644,40.5056692480912,40.5056692480912,1.8737735122013763,2.9700041938150963,40.5056692480912,1.8398444459948193
3,2.2365127061343366,2.2314384420817013,2.541167743405739,76.70605075165858,2.772548940615959,76.70605075165858,76.70605075165858,2.343820783859276,2.5108506337743344,76.70605075165858,1.3577108013698316
4,2.4895702315176194,2.0748211403074284,2.7092178585141324,51.4040864871122,2.1560827376575133,51.4040864871122,51.4040864871122,2.8269170231255267,2.0384513963405912,51.4040864871122,1.2548448635807834
5,2.4643798297502406,2.8697336604121593,1.8373648678302341,55.855610284491696,2.5827297389298813,55.855610284491696,55.855610284491696,1.9820940893759902,2.5321678800626017,55.855610284491696,1.3081893668070983
6,2.787365638708841,3.121448207705621,2.3846714344283075,97.54512241192681,2.8796820867549924,97.54512241192681,97.54512241192681,3.679333141218181,2.55246450799881,97.54512241192681,1.6323615963268094
7,3.787865323782648,2.848197890910373,3.2977001921624978,92.20669653283295,3.6788392167589774,92.20669653283295,92.20669653283295,2.9654898757414845,3.9797488884937695,92.20669653283295,2.0499539653040086
8,5.9773922924345975,4.414756232533967,2.8293572048012825,130.9839525888817,4.084183980312462,130.9839525888817,130.9839525888817,5.792531798513804,5.0670691313721665,130.9839525888817,3.310494222891145
9,5.0655499945944245,5.639259494606392,5.594697844526773,222.47861197801754,4.733573502810293,222.47861197801754,222.47861197801754,3.64547718387883,4.581161878545742,222.47861197801754,3.857436624644658
10,4.4663349248396145,3.808934318007509,3.9470440165511986,189.45643057363492,5.0887203687108,189.45643057363492,189.45643057363492,6.0095307093992965,3.2581354786318157,189.45643057363492,3.3022278240068963
11,2.6664417993338385,3.2267564204201777,2.954276180750246,101.83231697872387,3.2339332989798355,101.83231697872387,101.83231697872387,3.152113619626175,3.226394849233381,101.83231697872387,2.114457159536075
12,4.1752883016545095,5.817039389444319,4.849800826451845,87.07235330162695,5.346044100063604,87.07235330162695,87.07235330162695,3.65162658574194,4.81036642821603,87.07235330162695,3.214139659172884
13,8.283393036050388,6.944531978594866,7.83770049652208,221.2983212058663,4.855752639488745,221.2983212058663,221.2983212058663,8.690763600072607,5.68405148437792,221.2983212058663,5.854274457523329
14,6.718416959229681,4.883532308588844,4.186935290232762,134.77040451863093,4.947098833958095,134.77040451863093,134.77040451863093,4.2828635339487855,3.161272692740664,134.77040451863093,3.6989644337870273
15,3.2447289417919265,3.829888247066711,3.441459065715251,164.3304765260116,2.9284361426459102,164.3304765260116,164.3304765260116,3.5560370373912544,3.2498855782881644,164.3304765260116,2.639967102455728
16,3.511994301441776,3.416113838467164,3.3939617703013165,74.99286602330709,4.786406666925069,74.99286602330709,74.99286602330709,3.94758216325036,4.785451982352391,74.99286602330709,2.4652426874075557
17,4.279062520208544,4.743218679395275,4.455640249953353,259.11605119446125,8.030280872883653,259.11605119446125,259.11605119446125,3.805881441610222,4.405546239096342,259.11605119446125,3.5064864186166953
18,4.9616225661853575,5.249803072375206,4.206499899550126,162.77697401928828,2.948097464830042,162.77697401928828,162.77697401928828,3.3212237357219183,2.794330568240995,162.77697401928828,2.783777863774378
19,7.590268160866609,2.8916735801240034,5.570277284071427,208.91135108764135,5.010944774344904,208.91135108764135,208.91135108764135,5.459907344898851,6.135329587488706,208.91135108764135,4.517645701099589
20,3.5819886401608265,5.560455807951967,6.444323533762386,73.82464686598811,4.887757775048834,73.82464686598811,73.82464686598811,5.452602388238741,3.075099666253133,73.82464686598811,3.4519627847174466
21,2.4535391441943677,2.5321613210563325,6.077058893252424,100.17602894627233,4.097315993067882,100.17602894627233,100.17602894627233,2.304881106172254,4.271808984923817,100.17602894627233,2.577562322103593
22,3.1287411654843784,3.234623667604803,2.443521557426677,108.26927012339067,3.2136750558491376,108.26927012339067,108.26927012339067,2.1754435859509993,2.6995560642090286,108.26927012339067,1.8145603088437354
23,2.7113656020927634,3.92232818487768,1.8411029621015906,82.9385012087185,4.886393516912365,82.9385012087185,82.9385012087185,3.0542983399323953,2.258102521935127,82.9385012087185,1.8001761691595435
24,3.407236460845357,3.056302957462847,2.68068327461233,66.6145797789621,3.948252614377914,66.6145797789621,66.6145797789621,1.9159505639937886,2.26081178418287,66.6145797789621,1.5169321258686546
25,2.0401742525407554,2.081374314555124,3.01005124261289,88.94454754042431,3.565505036918539,88.94454754042431,88.94454754042431,4.0038251965708325,3.2069852194555275,88.94454754042431,1.8054897101311989
26,5.957223750975422,6.078949469514504,3.774982669342071,76.59417434086458,6.006179798081381,76.59417434086458,76.59417434086458,4.606726825068572,3.942205434125836,76.59417434086458,3.4881587021503826
27,7.402871908670347,6.193554441574897,5.075248108599292,205.71072843205306,4.885929418352306,205.71072843205306,205.71072843205306,10.550455398387252,7.777796990043866,205.71072843205306,5.525670253084766
28,3.580070898130141,3.1583571949750606,3.664479561745258,135.50925626071526,5.645088713701127,135.50925626071526,135.50925626071526,1.8817780694568247,7.581239155907504,135.50925626071526,3.2209629710505494
29,2.6282653535971146,3.7565574312945116,1.9984832611480812,87.44662268329903,4.42724858702883,87.44662268329903,87.44662268329903,3.613856578541833,2.5506021782460286,87.44662268329903,1.9256243682611112
30,2.775225875275597,3.3008421277819835,2.2618061438311012,55.775355259953976,2.6653384121330506,55.775355259953976,55.775355259953976,2.3653696337649874,2.633662576219843,55.775355259953976,1.651369432398156
31,2.2895054152250083,3.1377690411113357,2.280187953419103,41.050695335345594,3.0608449521136163,41.050695335345594,41.050695335345594,2.428321584521272,2.217474851154244,41.050695335345594,1.3389663026019645
32,1.9521002793841442,3.928649710676134,2.234962806206648,54.03510233252568,3.17707080816163,54.03510233252568,54.03510233252568,2.514666412032072,2.8820027069554732,54.03510233252568,1.4427205838847452
33,3.55429070988977,3.205525339555257,2.8297707917942385,44.28176369355261,2.3921316089428593,44.28176369355261,44.28176369355261,2.559913864011036,1.2545385799918596,44.28176369355261,1.203193114484771
34,4.783669903521529,3.2209383451273506,2.4447679280405232,97.05519564508408,6.031782443690956,97.05519564508408,97.05519564508408,2.761883677166533,4.472048596593309,97.05519564508408,2.5492288720953455
35,7.002667709037061,3.3014249791940573,5.961014570087013,68.58968482493201,4.425652249405565,68.58968482493201,68.58968482493201,2.9861607058585937,5.6243407435443595,68.58968482493201,3.813312911529823
36,5.199491689059887,2.547732302439481,3.447318586852831,100.45298422085892,4.6057604850602925,100.45298422085892,100.45298422085892,3.2774419593385753,3.392626681010147,100.45298422085892,2.3226376221453777
37,2.0149550380363612,3.5518613981191294,2.7044162658170845,75.913442698267,6.419960433580484,75.913442698267,75.913442698267,2.0674212045621294,1.9107511183936299,75.913442698267,1.640730886460141
38,1.6787660550205605,2.861979152017816,3.4992899984241097,34.978574734695925,4.536533664345892,34.978574734695925,34.978574734695925,1.8309466190780315,2.0015504794093726,34.978574734695925,1.2924342881144932
39,5.4275889946278415,2.925259165676565,2.9558483691854476,52.43532685316917,4.340472125069056,52.43532685316917,52.43532685316917,2.418574525383304,1.8011904330566717,52.43532685316917,1.9590473488474638
40,4.229624164266284,4.312479874827957,3.492937279450078,75.40695556097215,2.6546988185680016,75.40695556097215,75.40695556097215,2.2476142735557625,1.7582950864624052,75.40695556097215,1.8790512706608036
41,3.7093319800665654,1.9965682110416985,2.068665634130671,70.82430953819274,3.2165580232690125,70.82430953819274,70.82430953819274,2.813391370151233,2.1874777167961295,70.82430953819274,1.519075221472524
42,2.7948831760726116,1.450620403565976,2.0015418737930935,52.6062621043116,1.4373576200685683,52.6062621043116,52.6062621043116,2.207447523192261,3.941145272961731,52.6062621043116,0.9503474860152836
43,2.1451075820722294,4.520691507563248,2.4623312456162187,63.590551191880905,3.2812125893119006,63.590551191880905,63.590551191880905,4.1937466901426665,6.676034427201184,63.590551191880905,2.009220095660685
44,4.0754696097699625,1.8221531507378175,3.463406171287481,96.33125957999154,4.392023035600367,96.33125957999154,96.33125957999154,4.649470389373196,5.9577160777887235,96.33125957999154,3.175983761248576
45,4.3812265054841735,2.1569313802534085,4.726325019449225,39.15324606885343,1.9275686112717978,39.15324606885343,39.15324606885343,3.256582406422863,2.063003179632897,39.15324606885343,1.7195591154533336
46,3.7907311252815856,4.276310781475809,3.9473106003439202,74.26662136475713,3.6035243779126693,74.26662136475713,74.26662136475713,4.544028788457271,2.7361193355469604,74.26662136475713,2.3332663539426712
47,1.6870249036900642,2.078112722345149,1.9843765236331459,90.37525555850549,2.762109711982903,90.37525555850549,90.37525555850549,5.188369996523993,3.750581898742235,90.37525555850549,1.6149891555079259
48,1.2852458215079832,3.580065560414991,2.5327493855848124,41.3289148066569,4.0915261133228595,41.3289148066569,41.3289148066569,2.4069903109359414,1.1817134509703657,41.3289148066569,1.190579430656754
49,3.149312242965933,1.2493392360468252,2.4170629032570496,37.26900465259537,0.7464338366163022,37.26900465259537,37.26900465259537,3.643590043999532,4.093631509052693,37.26900465259537,1.3441793004193687
50,1.327125983626033,3.2242180582085807,1.1882358549507035,38.68573475461101,3.6347800130447028,38.68573475461101,38.68573475461101,2.708247231039376,4.497148280246324,38.68573475461101,1.4109117867143914
51,2.7251819185595996,1.5806709837337172,1.5863143506627981,67.44564896959697,2.8901059193390046,67.44564896959697,67.44564896959697,1.9488800733549718,3.335760780314736,67.44564896959697,1.1220432812565426
52,2.802833379595656,2.034715446845278,2.0683789174013376,46.4451809773412,2.4469554458961964,46.4451809773412,46.4451809773412,2.6295320775418,3.369345838484861,46.4451809773412,1.1735791534090405
53,4.159070085245993,2.589545587884859,2.5569134510994314,23.779690684637604,2.4895461592865886,23.779690684637604,23.779690684637604,0.9857307605271847,3.286863858963882,23.779690684637604,1.164691726962283
54,1.9919690516401907,1.8910041660627759,2.5190361312103247,31.933335847879967,3.132372364408039,31.933335847879967,31.933335847879967,3.3963535917373675,5.021117533748817,31.933335847879967,1.507763489380253
55,4.2263031071855375,1.4864111444975665,4.029784763222303,47.82363269896924,1.2410620289208791,47.82363269896924,47.82363269896924,3.53301971739002,0.3663067759595602,47.82363269896924,1.4857312006809917
56,1.487046936082729,2.109352614052199,5.216371697698753,41.331911636340806,1.7245796879813295,41.331911636340806,41.331911636340806,3.129229315886622,2.684476109116695,41.331911636340806,1.728785477646101
57,2.1157859809393806,3.1078012543055435,5.385951874024622,16.47269010174979,3.3512760382845705,16.47269010174979,16.47269010174979,3.6105340626114115,1.86835238273244,16.47269010174979,1.667886920817414
58,3.7920420717291448,3.508468523900104,2.6559917257290353,48.5573870060518,1.999895766202683,48.5573870060518,48.5573870060518,4.083721467308546,1.5965827511897115,48.5573870060518,1.3707133328176422
59,2.584947111509613,0.6849413098067293,4.590589291301209,32.84879423632841,2.8035097056636418,32.84879423632841,32.84879423632841,2.948269768643735,2.551445936837029,32.84879423632841,1.2537502308359196
60,1.6376471476956584,1.396649168178202,1.478500480651409,34.017405668194634,4.064824855842684,34.017405668194634,34.017405668194634,1.2496133084006988,1.7042584012061879,34.017405668194634,0.915781106684081
61,3.1524209055973453,3.6488404781546517,2.272907227047391,56.53355042111019,3.023735849368556,56.53355042111019,56.53355042111019,2.990102728570626,2.9308900352017435,56.53355042111019,1.412832768943349
62,1.3818383906018399,3.1954100883079914,1.234447151536213,27.666423031486634,2.8744919448828123,27.666423031486634,27.666423031486634,0.8850881363322336,1.9009677580982864,27.666423031486634,0.9261987238488212
63,2.20134722336942,2.1465103777918397,1.7958300119144348,10.690789446312644,1.4175476602694874,10.690789446312644,10.690789446312644,2.2530170552559854,1.6186438477559946,10.690789446312644,0.9545380680625688
64,3.5995447151345608,2.080936847635875,3.406569471686169,31.32698542616063,0.5839902717176085,31.32698542616063,31.32698542616063,3.083573652726416,3.1119100461149545,31.32698542616063,1.075697224182644
65,2.487609873280882,1.5643688127287372,4.567037930104807,39.896767512863775,1.481817735256188,39.896767512863775,39.896767512863775,1.55626524230895,0.7367472039037644,39.896767512863775,1.0630121900430947
66,3.7122030791926215,2.131919031731138,1.265206242331583,52.706732548166414,2.581923190965964,52.706732548166414,52.706732548166414,1.3915875803650064,1.497303146299586,52.706732548166414,0.959702928176419
67,0.6013627792665763,1.3508969559200947,2.6739654596282594,14.094604641240762,3.2905482937100308,14.094604641240762,14.094604641240762,1.0301330803814062,2.4389955262750243,14.094604641240762,0.9251331735499606
68,2.610929029447367,0.6765979573205609,4.4912073078187635,24.1677768199345,1.871155767169256,24.1677768199345,24.1677768199345,2.8561473943256837,4.40410841262308,24.1677768199345,1.3259109658214687
69,1.6064590945583674,0.9608269469834888,1.9865143049138876,50.02469056582557,3.802268546651812,50.02469056582557,50.02469056582557,4.453136162694715,4.574344394868937,50.02469056582557,1.278697788798969
70,3.323539662209943,4.220266277869052,4.3565988552426145,32.69106207329436,3.15840485518246,32.69106207329436,32.69106207329436,0.6330703945113213,3.9543450948435157,32.69106207329436,2.0734505679686794
71,3.952908579080796,4.333567217487631,1.2704520047029733,75.06994039613728,2.166388862057123,75.06994039613728,75.06994039613728,5.50485719848707,7.446210793547659,75.06994039613728,2.863272852588148
72,3.6481397782417697,4.963499880705799,1.9041046391383516,46.32818761836949,3.37430408769989,46.32818761836949,46.32818761836949,10.155959616632552,4.0541589351915,46.32818761836949,3.095749206102371
73,4.973814325719417,6.153150918527551,3.1156130162738895,66.37685506196634,2.932021842817356,66.37685506196634,66.37685506196634,4.207973990226665,2.5389352360533857,66.37685506196634,2.4653027551936875
74,3.211768905977077,3.167650754208346,1.6091377301845742,44.761325667134244,1.8300545371109196,44.761325667134244,44.761325667134244,3.130214488824574,2.923170882912183,44.761325667134244,1.1007823073245284
75,5.526324645112945,2.7114424554088634,4.461048297271638,27.30791222974867,3.295105890288274,27.30791222974867,27.30791222974867,2.594871755327178,4.025744568169488,27.30791222974867,1.5218424749411679
76,2.45344903709074,2.6198940328987144,2.311363325426423,19.815868179858487,1.077849879853496,19.815868179858487,19.815868179858487,0.631704702739825,2.2984529860681695,19.815868179858487,0.962347241947967
77,2.8446584510190585,3.83533603751755,3.26115388240058,27.371832778621002,1.9099566308914355,27.371832778621002,27.371832778621002,2.258364121798076,3.5839257954473243,27.371832778621002,1.3678845563742033
78,2.7599949858206267,1.9068342223114954,2.2451168226768896,15.78311362383407,3.644858685949657,15.78311362383407,15.78311362383407,4.293319069412546,4.5851232768634445,15.78311362383407,1.7370009149294294
79,3.094010272861426,1.9339610094607296,3.704558012256076,35.41640872175919,2.7113738468082564,35.41640872175919,35.41640872175919,1.749292336656026,4.639037940749918,35.41640872175919,1.7012223996408573
80,4.72343879350387,2.49298916611332,3.457363603077388,16.183814910086994,2.8798632693755657,16.183814910086994,16.183814910086994,4.289657240534803,3.752403437236186,16.183814910086994,1.9241202375774913
81,1.6019012119091307,4.313610601682349,3.5283282266497964,42.985095581079904,5.181604892577229,42.985095581079904,42.985095581079904,2.4081117179558245,3.5795282160192596,42.985095581079904,1.3559343137276436
82,3.972853572968311,1.1515830677948662,1.4349079123831847,39.33864724347622,0.696897608820374,39.33864724347622,39.33864724347622,1.2045947345759616,1.3026290823282154,39.33864724347622,0.8651802105758771
83,1.7545451595965402,1.6931209121579316,1.065589142819755,34.64778867394679,4.217209246638498,34.64778867394679,34.64778867394679,6.294456110559101,0.9388841942777094,34.64778867394679,1.396500671592138
84,2.286790940596087,1.1894035867856025,1.4831034944605905,49.82702511625248,3.9163248557338766,49.82702511625248,49.82702511625248,3.05500412643577,3.112992673502889,49.82702511625248,1.1157046433382976
85,2.6565876776614124,0.7026124478937188,0.5966373072937439,14.037159619358837,2.3940178627383317,14.037159619358837,14.037159619358837,1.2943672583792927,0.6579906057489452,14.037159619358837,0.8223646303680715
86,2.9391455247194362,3.2894902213656065,1.261217284920664,19.980496955268137,1.6802510939658344,19.980496955268137,19.980496955268137,1.806792998581787,1.0026092502103625,19.980496955268137,1.066048870876678
87,2.26548382821447,1.321792526326523,3.9289852113342065,18.284502493306817,3.6870640667172028,18.284502493306817,18.284502493306817,5.737589499373519,2.7163274040976115,18.284502493306817,1.668846990331928
88,1.3883933098281351,3.915889672994476,5.407651458127391,57.41625249753378,1.8346744312218997,57.41625249753378,57.41625249753378,5.843353554370486,3.9690917832432753,57.41625249753378,2.204931182830071
89,2.6926644804710773,0.978884880984391,3.821311665205416,45.14766418841267,3.2738373862494714,45.14766418841267,45.14766418841267,4.374797159990833,1.6749910497319274,45.14766418841267,1.7905765277717245
90,1.5608977663071038,5.44453590257134,3.2315478578352037,27.51085930577383,3.991194668378682,27.51085930577383,27.51085930577383,1.5581764339403852,3.541096680779303,27.51085930577383,1.5940762531818349
91,3.4237116155390863,0.9058593109884105,3.4702304633842136,22.16868916894886,2.422266808854715,22.16868916894886,22.16868916894886,0.5578852986180066,1.5153914715979389,22.16868916894886,1.0785020330445994
92,3.2388666012215164,1.4241374717646138,1.6460331630481049,8.697823441329977,4.797043961724776,8.697823441329977,8.697823441329977,5.262404439445131,1.174739429628826,8.697823441329977,1.2072030809648
93,1.7203745483905295,1.4776761355905308,1.4987397052699711,21.376005961560264,0.8735207013839033,21.376005961560264,21.376005961560264,0.8720143749531082,2.235540901394281,21.376005961560264,0.69204562829093
94,2.1231994544180726,0.7894222678441546,3.2425612820740053,11.194679092078399,2.613152492899223,11.194679092078399,11.194679092078399,0.8922179088644936,4.912009467615292,11.194679092078399,1.3369706040889329
95,4.8015382160935935,1.3268731182072582,1.6618059042999729,22.003065939314183,2.951056890861373,22.003065939314183,22.003065939314183,0.6149366859012819,0.5254616928059855,22.003065939314183,1.135234405534797
96,4.280992004101773,3.155403205828671,1.1030730888917424,10.72064750456379,3.232582588003371,10.72064750456379,10.72064750456379,4.289791997383923,3.2067832202490494,10.72064750456379,1.5679020640771364
97,4.807369053743022,4.685905144840373,3.674847778447409,43.098961296522155,4.56746036121859,43.098961296522155,43.098961296522155,2.296543132384603,4.771896975458068,43.098961296522155,2.8104669854373845
98,2.1647448554078914,1.8888344854932786,6.157109423410797,51.81563974507188,3.6362667181286565,51.81563974507188,51.81563974507188,3.140342881644865,7.318509753282176,51.81563974507188,3.065292458277104
99,1.3984866026096945,3.478803550567282,3.4108397079647443,44.728395097794596,2.7840821247778877,44.728395097794596,44.728395097794596,4.057965866851999,1.6293267886656826,44.728395097794596,1.4411108501169774
100,2.064565687632925,1.021698573267204,2.996321513160152,33.5891269328245,4.318499629201775,33.5891269328245,33.5891269328245,3.5924200575944822,4.04593905433979,33.5891269328245,1.7501485840425193
101,4.009219630590054,2.2848196047792317,3.17720946889546,42.28179097540652,5.4073936288549636,42.28179097540652,42.28179097540652,4.757066850257301,4.214521175945701,42.28179097540652,2.5304158621119806
102,2.481255794490332,3.3752042879904947,0.8347830022983034,25.640613587220738,5.553156737513681,25.640613587220738,25.640613587220738,3.135428611314831,2.429726342323432,25.640613587220738,1.5853057413462999
103,3.0988836028439657,1.9537751069691427,2.917955686382504,38.11005626391855,0.9086135574812101,38.11005626391855,38.11005626391855,0.6250918910462525,1.2181253043649583,38.11005626391855,0.8705877802961853
104,1.1444309418520657,2.637024544159899,0.5615962626735453,15.69628910298832,0.4613356490294003,15.69628910298832,15.69628910298832,5.260556942215794,4.868994721932522,15.69628910298832,1.3443692369432136
105,2.5395805391688753,2.243028436275627,4.570994956950476,19.949132299943166,0.9775005572995624,19.949132299943166,19.949132299943166,1.7179330303882479,2.3381614559048507,19.949132299943166,1.2722069047595974
106,1.805439516125586,2.8440895240133552,2.684457402507399,5.675468679920762,2.496570677488558,5.675468679920762,5.675468679920762,1.5914668180966738,4.871559217159358,5.675468679920762,1.3763259743489487
107,2.9894122669289955,0.9149590582792926,2.5542886921195396,38.04321926798664,1.8560922947471135,38.04321926798664,38.04321926798664,2.997318143066906,2.9770862568955936,38.04321926798664,1.0698074519585952
108,1.886252559479962,3.1641576726677227,1.4073528979946113,27.981449613244706,1.3480385787215612,27.981449613244706,27.981449613244706,1.3925659657394336,2.2293184550650804,27.981449613244706,1.0386871416496049
109,0.739382125691728,1.219373684327789,1.4009701373612096,17.15657356490161,3.561315226253196,17.15657356490161,17.15657356490161,1.932405875461854,2.328618908368097,17.15657356490161,1.080312386104136
110,2.832843540862609,0.8839286883831605,2.326391231971976,45.05233412149114,1.0254842694016129,45.05233412149114,45.05233412149114,1.2461048724812847,4.364422115705437,45.05233412149114,1.0889446165968657
111,1.0307254234758056,2.604544223120727,2.0750677752206985,19.663646861111957,3.7974749814253124,19.663646861111957,19.663646861111957,4.601994328200809,1.9533730835721774,19.663646861111957,1.2132996247316028
112,2.4541656317470877,4.919439885702105,1.6145139796162307,17.7179984913705,2.7862276539382362,17.7179984913705,17.7179984913705,2.5656843883946108,4.019914282452023,17.7179984913705,1.4335392460911622
113,0.8979677682100847,1.589702309565549,1.1196856732701161,24.461008012912444,2.6014740317794107,24.461008012912444,24.461008012912444,1.870376840641027,1.4415847026237265,24.461008012912444,0.7991367157871856
114,1.2490613576967946,4.03773757202364,2.3698951245989623,33.50796937614358,0.6576608732339752,33.50796937614358,33.50796937614358,3.1210264360067055,1.4328906917275646,33.50796937614358,1.1399122145251275
115,3.457598884060548,3.8372476499960446,4.014494590631629,17.679531038985267,0.40589413459732154,17.679531038985267,17.679531038985267,1.1716151261129755,1.013719299469716,17.679531038985267,1.0568210078798177
116,3.5943002449130996,3.4852946200049377,1.0770072156053485,34.209227806736216,1.9572286024142098,34.209227806736216,34.209227806736216,1.7569841035938922,0.701911693468538,34.209227806736216,0.9092755526678954
117,0.24421054627383107,1.0548095780477345,2.5492028472533512,37.650724292654324,1.8602268208277493,37.650724292654324,37.650724292654324,2.7980058493201327,4.560807736374863,37.650724292654324,1.3217664924706554
118,2.2993190444694616,1.8532957831949755,1.914895542009209,13.440981173622898,1.6989921503055834,13.440981173622898,13.440981173622898,1.5425234812772866,2.412255929989949,13.440981173622898,0.6761772938248455
119,1.3882875485533595,0.5844057449912033,1.5838092503092196,44.31267059081369,0.4271503134058968,44.31267059081369,44.31267059081369,4.685931207158456,2.9175306652585964,44.31267059081369,1.1849541356188045
120,1.3701321277448828,3.598995719835198,2.7254504688828796,37.83447123005671,3.258621009775799,37.83447123005671,37.83447123005671,4.489324507547313,1.613276705702049,37.83447123005671,1.5461883384004051
121,1.4157402950639038,4.311613572436203,2.272343734114818,40.75457311303669,3.2140100880356854,40.75457311303669,40.75457311303669,2.0440432260781556,3.8309210761586243,40.75457311303669,1.3442515799833277
122,2.7823839015501064,0.14226139159471604,1.7246565263607618,41.68551647428115,4.030617097888117,41.68551647428115,41.68551647428115,0.1332523837711956,1.3503010102393058,41.68551647428115,0.8656129577183338
123,2.04694057926712,0.5431592492673294,2.5152563537524046,23.803682289322044,0.740154519407004,23.803682289322044,23.803682289322044,1.3801168499834255,4.5123612935537665,23.803682289322044,1.0135751453694422
124,2.490200459317601,1.8119025185611448,0.4052905293770439,33.28779705372256,2.315318447153461,33.28779705372256,33.28779705372256,4.403107266695133,3.2882905076068623,33.28779705372256,1.301042524197855
125,1.026316000343356,3.2483855695581463,2.166553656599483,22.75744931281376,0.6934634773485253,22.75744931281376,22.75744931281376,2.4171579680245565,1.1168689173456963,22.75744931281376,0.9438702232780807
126,1.0033461211110994,3.1980778646720993,0.5299769813413908,12.117431328745337,2.946453303603415,12.117431328745337,12.117431328745337,1.3735297641391362,4.952311820255804,12.117431328745337,0.9679218145497942
127,0.23638466931642121,1.0407489863547823,4.9569843376662135,32.856486703747414,0.44781213975374934,32.856486703747414,32.856486703747414,3.964464732734644,2.2842557384164035,32.856486703747414,1.2546369088381164
128,1.4434240669106138,5.621146478424554,0.7618604657993104,55.28820828253361,3.9480893850690726,55.28820828253361,55.28820828253361,4.436821152295318,2.7996281163857883,55.28820828253361,1.5009244271142557
129,5.974747464237821,4.899180108600565,3.975636585164374,25.66915268563841,4.8908206607148,25.66915268563841,25.66915268563841,3.0433997655936595,1.2920868493176154,25.66915268563841,2.9005704772550827
130,6.511405971627949,6.042210849545111,3.256648409480978,86.673615395059,4.8071914742776976,86.673615395059,86.673615395059,2.843917171852981,1.6895890158153772,86.673615395059,2.784265971873754
131,3.0858761824023153,2.4974467925927,0.8641538544960168,22.382430967641543,2.7525173176533664,22.382430967641543,22.382430967641543,2.8185882051491116,0.8193100166479703,22.382430967641543,0.9192414494168268
132,2.1857603496672753,3.937431330271949,0.91772098900552,30.358955742033057,2.6131702573551188,30.358955742033057,30.358955742033057,2.2477208658157632,0.6507049508597407,30.358955742033057,1.0769904499620264
133,5.550054212936877,2.913147403935083,2.445012014761149,43.9181285242502,2.4663545542868466,43.9181285242502,43.9181285242502,4.0808784549104615,0.659775142380085,43.9181285242502,1.7044178177011686
134,2.392523296737751,3.1405418303904598,1.3693780837976115,40.3850341180496,2.12797627734383,40.3850341180496,40.3850341180496,2.0499888877082624,0.5892723482411252,40.3850341180496,1.0275189741071284
135,2.1579640955486865,3.7640896116043203,1.301607706263343,17.926505114427513,4.222542614864662,17.926505114427513,17.926505114427513,0.6126452361110084,1.7499858378303974,17.926505114427513,1.2648764719350576
136,2.239929554182356,2.4351540247712187,0.6430328195595381,29.35109105108328,4.603116772458616,29.35109105108328,29.35109105108328,3.7019871145675336,1.866175268325915,29.35109105108328,1.3434871824027774
137,0.4714838404961303,4.18814977977241,1.5537172700810478,20.348754799522084,2.4612125054678837,20.348754799522084,20.348754799522084,3.1640789753750065,3.0859880927124625,20.348754799522084,1.5279047777300376
138,2.437565361857989,1.4035834045219553,0.2684951506798526,11.622732749417366,0.1127326695375761,11.622732749417366,11.622732749417366,5.290269051687132,7.476271567495292,11.622732749417366,1.9101807675773552
139,3.004913700904853,1.653179871637813,3.0576210036527254,39.70839607966765,3.094329068497231,39.70839607966765,39.70839607966765,2.947162414318384,3.2350227552615345,39.70839607966765,1.2872617463787863
140,1.300893310998991,0.7667399596372542,0.4852658769695304,8.225572635489133,4.685476508945576,8.225572635489133,8.225572635489133,2.1242516943713112,2.306083621303,8.225572635489133,1.204671392174789
141,3.975287075414069,0.6418650812350575,1.8673966661243602,27.12162737219782,6.298114190581626,27.12162737219782,27.12162737219782,1.653155999810697,0.30064380397676477,27.12162737219782,1.4582075144838396
142,0.5940668946402283,1.3804438186558117,2.0329297826635404,11.01167935577536,1.7444816392081814,11.01167935577536,11.01167935577536,2.8792530142648323,0.36010444447827555,11.01167935577536,0.7418376432608195
143,3.206004063448286,2.9165459565554843,4.358000324273205,21.47291971029053,3.3979523423510636,21.47291971029053,21.47291971029053,1.2736344882924258,5.113367023148833,21.47291971029053,1.926767131586034
144,1.0423575756377024,3.536947461772745,1.038381138024938,27.26903744311232,4.371512568494969,27.26903744311232,27.26903744311232,2.3385959581492206,0.8159667936546193,27.26903744311232,1.0131617558468164
145,0.8927546934374421,6.816042834319284,1.0967311603675705,21.584303401887556,1.5406554216307913,21.584303401887556,21.584303401887556,1.2615105562467654,0.32304807055866636,21.584303401887556,1.4869814992626305
146,1.514212360968186,1.8765730717830273,0.920166485569754,17.938507038596168,2.717446922402672,17.938507038596168,17.938507038596168,0.7980021379544701,3.625663102077196,17.938507038596168,1.093212596523302
147,1.2496805286228996,2.6378917590809543,1.799402860626955,7.396479900658203,2.820248779791257,7.396479900658203,7.396479900658203,0.2435140733982277,0.5311824348161653,7.396479900658203,0.7162501977636171
148,3.732834457909906,1.9337170922896965,4.10081833920658,8.893134008369694,5.827230326259647,8.893134008369694,8.893134008369694,1.2763315385320935,2.4218247697619164,8.893134008369694,1.692245943905866
149,1.809992400490063,2.106398840200853,5.148286940776237,34.39951210669714,4.1506558816582135,34.39951210669714,34.39951210669714,2.457501672899772,5.588294422559907,34.39951210669714,2.2842174689132833
150,0.8696611757096991,0.9949545460081589,5.081613297352003,9.251469036122248,1.1462146938217712,9.251469036122248,9.251469036122248,2.1775612846000802,6.964902010090915,9.251469036122248,1.8769434748692135
151,3.990694763702863,1.6181127447771817,1.427203482477649,19.39208639814909,3.1049761918435927,19.39208639814909,19.39208639814909,2.5604494879332833,6.190012904438192,19.39208639814909,1.7295074345073167
152,3.255189043354467,3.591358699170309,3.9684690239374105,22.175516367688566,3.6412925641946883,22.175516367688566,22.175516367688566,1.3774902367891209,3.018487255003996,22.175516367688566,1.845622463021104
153,1.0548732326497265,0.7176960106323548,0.801420158099852,20.563186788221678,0.5449358057347234,20.563186788221678,20.563186788221678,3.1400697088272866,2.8435766394738438,20.563186788221678,0.8115737788484253
154,2.5374312326526223,0.5463641556368852,2.178694409776338,43.86561155610099,0.8828889184754983,43.86561155610099,43.86561155610099,3.500132056017726,1.9848534912397342,43.86561155610099,0.7726670652781981
155,1.7432514109798025,4.241120121801086,4.426912197862224,16.121032722803054,0.45525374813405023,16.121032722803054,16.121032722803054,2.4478340304136204,0.949772414896746,16.121032722803054,1.318007075134051
156,2.72476475401798,0.6842032862874694,1.4961510392607904,18.68035745785138,0.6988536153222984,18.68035745785138,18.68035745785138,1.1222134029287445,2.4177276102845138,18.68035745785138,0.7671904047830796
157,3.494059077232348,3.133884866501478,2.3644581191787277,23.16128389804212,3.879082869179406,23.16128389804212,23.16128389804212,0.262326807925108,2.0154506264934655,23.16128389804212,1.014382590844337
158,2.920956573018439,4.576591556954245,1.1744982913727378,10.778778314712559,4.12152335844289,10.778778314712559,10.778778314712559,1.5759720620352469,3.4855571214215826,10.778778314712559,1.2452469576548768
159,2.2969928057830287,0.8257889972968329,3.810386430861788,25.410043274245574,2.9456493644670623,25.410043274245574,25.410043274245574,1.550250408819778,4.0156114811911845,25.410043274245574,1.0995054128180692
160,4.4125907023873445,2.705755433993751,7.383894045630493,48.81205979603829,1.2960996441726538,48.81205979603829,48.81205979603829,3.6504309746084025,1.5477907371194684,48.81205979603829,2.0932864308958354
161,1.8858985216549495,3.902146515632969,7.512708209323761,47.01957792140808,3.489610192375557,47.01957792140808,47.01957792140808,1.8029404984636825,3.2035166651940092,47.01957792140808,1.861872057063678
162,1.571290834004272,4.729701202516454,0.8146565785343168,17.94898084532994,0.9813886522772132,17.94898084532994,17.94898084532994,0.7818267284354776,1.012854074724372,17.94898084532994,0.9812334487710876
163,0.8493204664488362,3.518909643465578,0.6155463438710013,6.729744999351332,1.8863300267520815,6.729744999351332,6.729744999351332,0.7538545514099376,2.9134134704943087,6.729744999351332,1.0252303942551524
164,3.3636250500775695,3.1302267424950494,5.466625961755404,32.78277975281893,0.6035291748376289,32.78277975281893,32.78277975281893,4.40816430011147,3.696378489072544,32.78277975281893,1.5427881615793317
165,5.166570944832337,6.351150290350795,3.3149387478990042,14.978309108097594,0.09361796198944856,14.978309108097594,14.978309108097594,3.1655665435447853,4.194039888559832,14.978309108097594,1.5330221183978396
166,0.5281637184630487,2.8060781953811462,1.0666888477712795,47.04581457154022,0.29116800840084456,47.04581457154022,47.04581457154022,0.9992115622850474,2.4053437633323145,47.04581457154022,0.8531719769846593
167,2.10931479669563,0.970669001960277,3.2632404030760407,21.95152660245236,2.3337889866597905,21.95152660245236,21.95152660245236,1.2067988678887909,1.083059634885167,21.95152660245236,1.0106422406244064
168,3.694941972601312,1.7619984581528036,4.2484184235162195,35.792570871244024,1.7549092391867676,35.792570871244024,35.792570871244024,3.266050778800641,1.435916806323999,35.792570871244024,1.2154590616876202
169,1.207799516080203,1.7097397661854337,0.4368677006204295,26.441101136985232,0.4489099052731991,26.441101136985232,26.441101136985232,4.693702609206464,1.9332401323272137,26.441101136985232,0.944584945904147
170,4.722558781834063,2.0184726685888266,2.1289047435922144,11.649255095690508,1.025008786174246,11.649255095690508,11.649255095690508,3.10852805929824,2.263171093251845,11.649255095690508,1.2075279539921737
171,0.18120282159268244,1.80270648097556,2.3135494483433554,13.984369417908635,3.821224110947838,13.984369417908635,13.984369417908635,2.450280835068535,1.0977777166801554,13.984369417908635,0.8899259405717957
172,2.306098446750911,3.1103961839467087,1.857214027510357,13.762759473157027,1.60921836066176,13.762759473157027,13.762759473157027,0.7102644639409356,0.517836414925294,13.762759473157027,0.8844434828585759
173,1.7855461312719292,2.0091025059339045,1.7086425600084485,11.777521693744053,6.470715505260236,11.777521693744053,11.777521693744053,0.793945494312958,2.9506685709496328,11.777521693744053,1.4559511522026636
174,4.747665608408776,3.374098815450001,3.0140708367121403,20.405212326653484,4.304075977559665,20.405212326653484,20.405212326653484,3.1679891991228146,4.819717153707507,20.405212326653484,2.0719998021176482
175,1.0877570802595038,3.8437773934608717,4.766434121940352,34.61780101437167,1.3477530225644723,34.61780101437167,34.61780101437167,1.2496735961599577,4.721116052415971,34.61780101437167,1.7068639994610593
176,1.072806158070018,0.5012366828397977,2.129787740030079,10.882575315475483,2.304334482776012,10.882575315475483,10.882575315475483,2.6020473128328083,0.9245985552825519,10.882575315475483,0.8086521392781526
177,0.2828162910167519,0.8656607906703122,2.145281847106664,18.183458592122136,1.8524117897306909,18.183458592122136,18.183458592122136,1.267990450622298,1.9624662004823552,18.183458592122136,0.6593353674609522
178,1.0964810934511822,0.5248215148757379,2.8701805329646346,12.048433413136074,1.9454457884628658,12.048433413136074,12.048433413136074,2.011044415489809,2.310424581232489,12.048433413136074,0.7705801044363733
179,1.0248428419711102,6.407809336219658,2.3641795603299207,13.551578321502921,1.3005788220428538,13.551578321502921,13.551578321502921,0.40614316480841095,3.7262282755685,13.551578321502921,1.4116893667379167
180,1.475226020104717,2.798551972404795,1.3984984021807283,48.22803267282838,3.9820294589256235,48.22803267282838,48.22803267282838,2.356300280728246,3.1634342246475775,48.22803267282838,1.4126635167861439
181,2.7710493013246023,2.6569672925618457,0.8423972656047307,26.576060092702086,3.9568556096859435,26.576060092702086,26.576060092702086,3.963336066786187,3.7391920212457985,26.576060092702086,1.6758307123155485
182,2.3117270836537562,3.339374029649443,1.0145679076701315,17.351664160150147,0.4318390677397907,17.351664160150147,17.351664160150147,1.4449953556067614,2.4774096633425566,17.351664160150147,0.9718023768256829
183,2.48255252409462,0.33226310082117233,1.672420265631163,15.107356115602029,0.21534616379863858,15.107356115602029,15.107356115602029,3.3156040734718295,0.4515405330472222,15.107356115602029,0.8371317977549577
184,0.6278635904823107,3.255812488662427,3.6874235791280663,11.804816795780688,4.274839689686756,11.804816795780688,11.804816795780688,3.5983262034585777,5.909375680774895,11.804816795780688,2.0371305241833144
185,3.8985519043199934,4.582705096791372,3.317758203172295,40.57612194710745,3.3505285794272957,40.57612194710745,40.57612194710745,2.3838286909435107,4.136262463995223,40.57612194710745,2.2694213774439147
186,1.6900095608769408,1.8503573419390567,2.663542456217356,26.038557297415625,2.9541428822768805,26.038557297415625,26.038557297415625,3.1568965419435617,4.189244360037439,26.038557297415625,1.601419399539161
187,1.1993247414875323,2.632303455891847,0.1761126448824447,18.73745473668339,1.5779579250273117,18.73745473668339,18.73745473668339,2.307182439214245,0.644092324446037,18.73745473668339,0.8229246380996013
188,0.8877508295052698,0.5329852811618704,1.2534501168078669,29.02294611045037,0.8866776409968331,29.02294611045037,29.02294611045037,0.15098399416857136,0.30630976060153287,29.02294611045037,0.34074373301929656
189,1.789515205349122,0.42012713626200243,4.203401893477563,35.37149864424155,0.38319993680152636,35.37149864424155,35.37149864424155,0.9561962264412727,0.3784064694307562,35.37149864424155,0.7556929920131137
190,5.814288465899469,0.9482262697783277,4.766685231963512,4.940704928983036,1.8033652485797333,4.940704928983036,4.940704928983036,2.9268209788983577,1.6305857045480239,4.940704928983036,1.4529394187081583
191,1.8106655539261576,0.20154488402628226,0.27488529770793385,24.764419629514876,1.196957965795211,24.764419629514876,24.764419629514876,3.2515071947611425,1.1860633947514265,24.764419629514876,0.7274068339874142
192,2.480815750324268,2.774989401280679,2.7515999785729064,19.139573865067796,3.2812593779977544,19.139573865067796,19.139573865067796,1.3040692283356874,0.9776405088924447,19.139573865067796,1.2100487500977375
193,3.316569560694385,2.5289288482397723,0.43580323104392876,4.245987816635944,1.2998613277771964,4.245987816635944,4.245987816635944,2.3891366663224005,2.0230125628812354,4.245987816635944,0.9496181033117338
194,3.237798659144836,0.7234040636849414,0.5752840847518633,20.8115336469805,3.1067366842512567,20.8115336469805,20.8115336469805,2.4689842500407893,1.0145631200914842,20.8115336469805,0.9434134876883263
195,2.6386666979606894,1.49105868051962,1.267759238846937,11.700708027795327,3.509792226998392,11.700708027795327,11.700708027795327,2.519447019963855,1.6792445349236824,11.700708027795327,0.9638743979095303
196,0.2616662522476885,0.5660358106786114,1.4267673675006027,5.297257748579644,3.9983121630556617,5.297257748579644,5.297257748579644,0.5109710946746819,5.040720387503539,5.297257748579644,1.049265662625889
197,2.9013331227227512,0.12354106423033503,1.3543329009805125,16.231904329400994,0.577903585409469,16.231904329400994,16.231904329400994,1.2847370109696075,1.7904626927140008,16.231904329400994,0.6073600082937832
198,6.234125006207326,0.8910486279937689,3.893251977078119,9.736201050574573,1.2309794834895025,9.736201050574573,9.736201050574573,0.7185062863165617,1.7512184715225114,9.736201050574573,1.3805858412357184
199,1.7634628056564416,0.8118127408422915,0.716388862967281,5.772540087559043,2.571256736364058,5.772540087559043,5.772540087559043,2.680452752497508,1.8164626357409543,5.772540087559043,1.1777062673560554
200,3.9888836001699324,1.1699733263835506,2.6221992488704577,25.076740193408853,4.592349098355326,25.076740193408853,25.076740193408853,0.6027475923701222,0.8167760421133777,25.076740193408853,1.056330611425276
201,0.8603465247189187,5.850806535267754,0.5227024082571426,20.91006259588669,2.8669097592076667,20.91006259588669,20.91006259588669,2.0789210891889023,0.978984429619676,20.91006259588669,1.2161778358676687
202,2.1949003194915386,0.2937682509763426,3.696473470322551,26.945634693858675,2.5732395520856444,26.945634693858675,26.945634693858675,2.3161863700770176,0.3511436822154779,26.945634693858675,1.0967796306776216
203,1.588633348963807,3.3946401759493976,2.748706159481338,30.036191659897895,3.4820310137647863,30.036191659897895,30.036191659897895,6.176258156391735,2.664538391571797,30.036191659897895,1.4213155603942267
204,1.1377611313548481,4.069603692053997,0.5811888637948693,13.877175305672038,1.9158431094549162,13.877175305672038,13.877175305672038,1.1568441576779849,1.4530243870781792,13.877175305672038,0.8736973481586863
205,1.3758233422135369,4.186506114367757,3.720649193152092,10.938113054257856,3.89894841150722,10.938113054257856,10.938113054257856,0.3662813739374821,0.741014846809605,10.938113054257856,1.3658144743590064
206,1.1102566146209703,1.1296317441797306,2.5075703472510846,10.983235225547443,0.8215383927672705,10.983235225547443,10.983235225547443,0.16535838775584566,2.3609256657102415,10.983235225547443,0.7178827557369732
207,1.2440429060053118,0.8187222457127749,3.703618178215531,26.700144288747868,1.3507402061540572,26.700144288747868,26.700144288747868,2.2447483006768323,1.0190158494765542,26.700144288747868,0.7578168688440069
208,0.9276636256448073,2.451489601742546,3.0618479284568254,22.822921941453348,2.7255308113671233,22.822921941453348,22.822921941453348,1.0552203244216898,2.797557087817384,22.822921941453348,0.9611356316931816
209,2.7090340931142873,1.0869348043226297,1.190039139102181,28.29902421496581,3.08809542857094,28.29902421496581,28.29902421496581,1.3611447015206064,2.0972830848534234,28.29902421496581,1.1412387017735306
210,1.4073395286173693,3.74746676439078,1.1391932793712696,13.529544242339748,0.6526459819265409,13.529544242339748,13.529544242339748,0.2640155750249798,2.4475325441092006,13.529544242339748,0.9353643966805261
211,5.3623787992525935,0.5023735372938486,0.2699422251480562,65.24034448711657,2.3684762960235064,65.24034448711657,65.24034448711657,0.5384147439297342,0.8207540832020308,65.24034448711657,0.8580363996660786
212,4.3065824505520744,1.0792150729425016,3.2597407467579322,9.582385079368123,5.3366197765184324,9.582385079368123,9.582385079368123,3.8501722017658597,1.73566890086141,9.582385079368123,1.880038830058567
213,3.211802417731746,4.025526670269233,2.012243797639925,3.804710382003489,0.536729741210957,3.804710382003489,3.804710382003489,3.3640368328657426,1.1752219390469016,3.804710382003489,1.3712017912352832
214,1.3326739517258435,0.8593176370082197,1.1600716702319893,37.38086033137586,5.571791039960511,37.38086033137586,37.38086033137586,2.620450818521729,3.125638634759461,37.38086033137586,1.3433823086211834
215,4.023020213188632,0.10947488510396107,1.115599222981289,7.641245133727334,0.22699559279708434,7.641245133727334,7.641245133727334,2.266583438946942,0.681290634798548,7.641245133727334,0.653621337050672
216,3.0797750518259526,1.2847598107640454,0.3206426452723015,4.820215300090034,1.507188738297159,4.820215300090034,4.820215300090034,3.9698857533666247,0.03927589041247358,4.820215300090034,1.0175455100655513
217,0.2318857244802781,0.23874211998003603,5.157839554716592,46.788121504158134,0.6155860261380944,46.788121504158134,46.788121504158134,0.9648348042796234,0.6233128823417987,46.788121504158134,0.8715133472805129
218,0.1922022045559096,1.3732881566725477,0.5925620355823529,10.75014406773583,4.062267236499308,10.75014406773583,10.75014406773583,1.6632336668541026,4.554549481065417,10.75014406773583,1.1448748405697435
219,1.8761342538112595,4.707951465346842,5.107494151082381,33.76774051309715,1.359534439507198,33.76774051309715,33.76774051309715,0.8893532092406293,0.5722740826953701,33.76774051309715,1.3148162133248558
220,1.504448818795443,4.06708548129857,1.0000153888053818,22.87737654174636,4.852816221984021,22.87737654174636,22.87737654174636,0.2725344607675936,2.1743968732576278,22.87737654174636,1.0628270109659916
221,1.1146415928429865,0.18154324545636402,0.7270489804471357,9.179987477098328,1.0327154389009852,9.179987477098328,9.179987477098328,0.7575981508628984,2.6932254202806467,9.179987477098328,0.5615921085521727
222,1.2206032174707808,0.9260344303010675,0.5557454081596225,20.851370755691487,1.7621452193736484,20.851370755691487,20.851370755691487,3.1092029322130603,4.409635988067294,20.851370755691487,1.047603601634334
223,1.1979361580255783,1.0788885639823447,2.7180483852368478,6.358177636551494,2.0577497092212917,6.358177636551494,6.358177636551494,4.547878950409287,2.3733118996464726,6.358177636551494,1.3405995762623868
224,0.16997285714898694,2.0145971367836775,2.034919212557838,14.658388835073453,2.191102340204479,14.658388835073453,14.658388835073453,1.3552777019187006,0.8744268090062648,14.658388835073453,0.7223417449079965
225,2.7711440039182675,1.2563315904859196,0.2771870985632518,13.809271450900424,4.150820947326834,13.809271450900424,13.809271450900424,2.6259784305056337,0.980025041858864,13.809271450900424,1.0154117223264096
226,2.2463479242889766,5.469001057947558,3.005557720834638,5.631300683335938,1.7075893972317262,5.631300683335938,5.631300683335938,5.272781674946605,1.9607785926780668,5.631300683335938,1.776824271058469
227,0.0912547923676822,2.3168592969568356,1.9429075548668244,7.727366585534409,0.38336571354974575,7.727366585534409,7.727366585534409,0.8614263769715405,5.086849256799856,7.727366585534409,1.0617188779702273
228,1.787655943222413,0.6375251384465226,1.9403693951498366,10.176520948465129,3.861149442215439,10.176520948465129,10.176520948465129,0.5365504018809351,2.66368072324287,10.176520948465129,1.0922647136641073
229,1.5459190938129235,2.185481977657223,1.6500202345477264,6.5700639219033405,1.4842521135941715,6.5700639219033405,6.5700639219033405,7.066961656602454,0.28814995800743065,6.5700639219033405,1.1618453677553202
230,0.9622252322323229,3.2210163520533968,5.556781380402269,21.412027505796583,3.0532180852909154,21.412027505796583,21.412027505796583,0.8597058067307325,1.345767384742751,21.412027505796583,1.5938633324119693
231,0.3655332277858522,0.2061167793492212,4.264053877681057,31.318652449523604,1.8231924247599927,31.318652449523604,31.318652449523604,1.8421823896193674,0.14846677476561748,31.318652449523604,0.79743644464083
232,0.8288562836691461,0.34316647570795694,0.5421520452681782,20.53152744543928,0.46096353086437614,20.53152744543928,20.53152744543928,1.2125440072347307,0.8146964321250855,20.53152744543928,0.3283117297187084
233,0.89984660861428,6.418544025404132,4.33581278604191,10.72723100023366,4.856438691062191,10.72723100023366,10.72723100023366,4.966388128195599,0.429709841247006,10.72723100023366,1.97735351177049
234,5.603374067654954,4.417806981019628,3.910554367509154,163.5346392351643,9.35667793996756,163.5346392351643,163.5346392351643,2.0025711243639313,2.3965104013001195,163.5346392351643,3.586654442041294
235,8.668132235773532,2.0591561581851168,3.7924950104955957,17.550811548135016,5.311329458467286,17.550811548135016,17.550811548135016,4.46631523751315,3.358751092673836,17.550811548135016,2.840312883512451
236,1.6810414242870175,0.5326116884181453,2.037434511569687,21.21848517872349,1.927026602982016,21.21848517872349,21.21848517872349,2.805869461482601,2.353317039610116,21.21848517872349,1.0066382807433052
237,0.3410568291733175,1.838562361494673,1.914306731880149,27.705235691022352,2.1994928055647645,27.705235691022352,27.705235691022352,2.1858177717309695,0.3503408409843857,27.705235691022352,0.6284389828472507
238,1.9096054205208801,0.9244229776922569,1.2331743164685482,24.40727010566904,0.16226939669265442,24.40727010566904,24.40727010566904,0.6787821208436775,2.9315497773847023,24.40727010566904,0.5990198644603054
239,3.3634157183757787,0.3803266051178891,0.943043107937385,11.591708236438784,0.49333793736115134,11.591708236438784,11.591708236438784,2.582792672473112,1.8480318703414234,11.591708236438784,0.8944851854707888
240,2.213571586631251,1.7609021985336544,0.4161170411807419,6.985224247345055,1.179268419152345,6.985224247345055,6.985224247345055,0.3457545786374916,1.7139852289144026,6.985224247345055,0.5650237385397738
241,1.6137620366775192,0.43009913314830256,2.710536304797698,25.804709808501947,2.814836782502221,25.804709808501947,25.804709808501947,0.9626337060124786,0.5968746296648957,25.804709808501947,0.7573465286487333
242,2.6331132575836604,2.6540647285560413,0.7113628096518282,29.703185029558266,1.2169926899898145,29.703185029558266,29.703185029558266,0.5857920846310155,1.5248257869038138,29.703185029558266,0.7356871283752389
243,1.2058382183228138,3.871354306916925,4.072283462780167,7.41146006282513,0.40696389495100327,7.41146006282513,7.41146006282513,2.5368388107447144,1.3614359997305039,7.41146006282513,1.1208141692864044
244,1.6804587901450572,0.9224163851674335,0.5007468883988775,15.39475919839222,4.4877246342806005,15.39475919839222,15.39475919839222,2.7030459676221548,4.087409991520962,15.39475919839222,0.9639555567993877
245,0.22227551211519314,0.855431490149873,2.234916450948325,62.12130975651826,3.52223745507222,62.12130975651826,62.12130975651826,2.476957659762613,3.2058462279187423,62.12130975651826,0.984305048184451
246,3.461204367293347,0.3653499496824876,2.8246635095321437,59.53412933125989,1.2277547641695739,59.53412933125989,59.53412933125989,1.1758536180998511,0.3380091440328474,59.53412933125989,0.9728743470297282
247,3.1110636190581,1.608242333617941,2.586564781001238,2.8299616745172247,2.165248641708249,2.8299616745172247,2.8299616745172247,0.194078464812565,1.7858875258100346,2.8299616745172247,1.0173108948110672
248,3.470410590666721,0.26083776154394483,4.9982218858471406,19.09998643164213,0.5027640632210836,19.09998643164213,19.09998643164213,0.3622163357316007,1.6672246040485879,19.09998643164213,1.0735170806333476
249,0.8351031029921273,1.6434726165276774,2.524845664784761,8.712471555733137,4.348235048987003,8.712471555733137,8.712471555733137,4.807053318473376,5.001573781789568,8.712471555733137,1.7207212020434044
250,0.4730644580508387,3.335163858167256,3.5236918286438788,18.34564387661669,3.6416351441426844,18.34564387661669,18.34564387661669,1.2431206721880834,1.2309127727581564,18.34564387661669,1.1755780045866275
251,1.5967979563552404,2.1075484345378763,3.837850496847389,40.4343960950647,2.2102294840247043,40.4343960950647,40.4343960950647,1.75271642813196,3.048370181142778,40.4343960950647,0.9221169912069239
252,1.4323448412446622,1.4096899360701411,0.7359350492211403,9.938793286010434,0.4057576873710909,9.938793286010434,9.938793286010434,1.6794502378950331,3.4356414806584983,9.938793286010434,0.841175678493738
253,1.9859099748407554,6.1696897767832715,0.40759199560552384,5.383581273493748,2.150422818148604,5.383581273493748,5.383581273493748,3.1862111033470373,0.6445058414820651,5.383581273493748,1.3042438728988204
254,0.4168421829361311,3.521998359349672,1.6422197342919358,6.16109897776892,3.286975391676255,6.16109897776892,6.16109897776892,5.116746501995925,0.42467919193091946,6.16109897776892,1.243207004445776
255,0.8372782313268025,0.23394853280091493,3.4712620013604885,25.336421897734287,1.8687753221850376,25.336421897734287,25.336421897734287,1.1948900522094963,1.7436883081293288,25.336421897734287,0.8446567447019763
256,1.2781320413157935,1.8788181592356685,0.44931164595514234,23.002606022033877,3.0297512410657905,23.002606022033877,23.002606022033877,0.9280414926837646,5.478676995215999,23.002606022033877,1.176908071233161
257,1.2130410885106586,1.7595180772779115,1.9342322369653142,64.60534285728097,1.48152969339762,64.60534285728097,64.60534285728097,4.9449790516864605,1.859659942368909,64.60534285728097,1.2978767167779788
258,1.2502718280112906,0.2621881425970945,3.5990039323518386,10.860637973944856,0.19310891772051306,10.860637973944856,10.860637973944856,2.4025799592983343,1.953080774464716,10.860637973944856,0.8813227613059048
259,2.1021380458115932,3.6637193951464058,2.2749646847111116,10.254392504638481,3.855159980937345,10.254392504638481,10.254392504638481,1.407067240432243,0.18518608133648068,10.254392504638481,1.021342386186005
260,2.9206622782830047,0.21765300245362207,0.45323859167471797,23.934235396190424,2.2501938511236097,23.934235396190424,23.934235396190424,4.204150201152234,4.160661220795362,23.934235396190424,1.3065791819161885
261,2.995669455848822,2.339578321175843,5.221549269365241,11.17253545731641,1.8745376087132646,11.17253545731641,11.17253545731641,0.28588465123201123,0.15494276213031244,11.17253545731641,1.193994507614983
262,0.5865287398352361,0.483299956960613,2.293484264071887,22.392895117459908,0.40606019400004933,22.392895117459908,22.392895117459908,1.3861829860744497,2.1021413563868836,22.392895117459908,0.6061763411826488
263,0.1313157331325524,0.3026918638054521,2.817185575048971,13.249458670732063,0.570459995006902,13.249458670732063,13.249458670732063,0.786535910657531,0.7024391849357753,13.249458670732063,0.48667489639615497
264,2.4078491345168733,0.8537339477506087,1.185797295996329,2.4235442491284838,0.20084707987735798,2.4235442491284838,2.4235442491284838,0.4772531310314648,1.1410097677716542,2.4235442491284838,0.5034888544128518
265,4.691382414066896,3.653250314238372,2.653771064701879,19.231969337703585,3.6232855737844605,19.231969337703585,19.231969337703585,4.8643209269269825,1.5861100441247824,19.231969337703585,1.5590256682662291
266,1.224117470612043,0.8922663966111072,0.46641952349508825,26.93999393911876,2.5559198647264854,26.93999393911876,26.93999393911876,1.3913206278025407,3.621384607364886,26.93999393911876,0.7771134197710589
267,6.046162919880309,0.5170088138386012,2.6568858160891913,8.507596271508874,1.6263201942162946,8.507596271508874,8.507596271508874,0.8469592750223883,1.5976564124761534,8.507596271508874,1.1952401804626867
268,1.6428855012336059,0.5361828658841866,0.8433124732771792,24.413496321378993,1.822255656720511,24.413496321378993,24.413496321378993,1.3384864119930089,1.0515042613069898,24.413496321378993,0.6603428760330037
269,1.9493621247109667,1.0793549044991422,0.17979715139422656,5.970988146036056,2.681467721664814,5.970988146036056,5.970988146036056,1.515367903256183,1.187535892889477,5.970988146036056,0.6181995060370654
270,0.4980903826654811,2.671288607027282,0.5434427090235113,17.638730926362776,1.0567796338796545,17.638730926362776,17.638730926362776,2.593694786656377,0.4485352949477919,17.638730926362776,0.7078502085939993
271,1.4455674610802243,2.57883483720873,3.9743254520512323,16.40949101628874,0.10283217801028645,16.40949101628874,16.40949101628874,1.9584456175368405,0.2972230821329804,16.40949101628874,1.0246486105353405
272,0.8255960255103029,1.1149700184735232,0.5863405230663917,20.801713354157812,2.0465002141514,20.801713354157812,20.801713354157812,3.427855272169305,0.9807964787120089,20.801713354157812,0.8111227336888333
273,0.7858748395495466,1.1035208977000757,3.9838218900563227,4.256795030465553,1.1011924351979603,4.256795030465553,4.256795030465553,0.47059248267128634,1.1522048861326195,4.256795030465553,0.7779496689332803
274,0.9009293747894495,3.4124124087244323,2.525506212701399,22.089048400810185,1.642966693788067,22.089048400810185,22.089048400810185,0.29676110722842536,4.7852781060303595,22.089048400810185,1.2297343627429314
275,0.8853272802339905,1.4203508855206213,4.168608017594286,11.211670835881534,2.071418069656517,11.211670835881534,11.211670835881534,5.216096109510692,1.0334143652638221,11.211670835881534,1.4878915242113975
276,0.3776850741235193,2.933621469286014,1.3950573951244227,8.574205266333804,1.003802291016711,8.574205266333804,8.574205266333804,2.814184322509017,0.7524395419388201,8.574205266333804,0.6144997147822736
277,2.5530247054298245,0.4539899511824149,2.7766124158890864,7.398090117881033,4.194934019504177,7.398090117881033,7.398090117881033,0.06433607067023585,0.8052344246796853,7.398090117881033,0.9223699454210156
278,0.09760677026703699,2.7907833153191133,4.681081133035126,8.053270167601326,2.147292198442413,8.053270167601326,8.053270167601326,0.3367418748583551,4.491311595237167,8.053270167601326,1.489445125334347
279,2.2830062878861996,1.2138598568815029,1.8480774388109364,11.020264335611278,1.1669684623101415,11.020264335611278,11.020264335611278,0.7836183869095539,1.1655807391154536,11.020264335611278,0.5731902920386723
280,3.2708624830157285,0.2589063961210755,0.5105782543202125,31.029330278272216,0.04951803694699935,31.029330278272216,31.029330278272216,2.4390417936556803,1.6374057163905191,31.029330278272216,0.7746884775705994
281,0.3843384120140493,2.987299304717209,3.883084077537534,14.17319815562947,1.4604140307497457,14.17319815562947,14.17319815562947,3.518848889009809,0.63061337670842,14.17319815562947,0.9624803064861002
282,0.8457280375881159,1.3380103652758997,2.9991652344663096,29.38865636173496,3.582250528687051,29.38865636173496,29.38865636173496,5.54091327504652,1.6595596961150807,29.38865636173496,1.084292520010456
283,0.9144084464471328,2.41276695799221,4.245486415088304,13.695096996035627,3.6400356303740313,13.695096996035627,13.695096996035627,1.7577803119190536,0.1051960590783547,13.695096996035627,1.2497916536407425
284,3.525826942366025,5.703856434877767,3.2454652512313222,20.609617041828876,0.2781156777263625,20.609617041828876,20.609617041828876,2.224547284413667,2.3204357065299277,20.609617041828876,1.1928474049833493
285,1.8145852130065225,0.11089826508986704,3.236479150424984,39.88095772283695,1.2278359185077974,39.88095772283695,39.88095772283695,1.899823689497487,1.3142522498738922,39.88095772283695,0.772844910745621
286,0.04126369787561314,2.3504597262599556,0.1781755648769513,29.925732212543636,2.2453001419778285,29.925732212543636,29.925732212543636,3.2518903756432933,0.49995881662862357,29.925732212543636,0.752051574216778
287,4.698703264913515,4.352589746372802,0.22424716788865243,4.914222145859501,0.735895845654043,4.914222145859501,4.914222145859501,3.661417924191892,2.445137753853755,4.914222145859501,1.3055057757349575
288,3.036120430078863,0.31068928742671004,2.153956380494502,18.801287730001732,0.46824852229704206,18.801287730001732,18.801287730001732,3.3521460391466,0.7410303244259571,18.801287730001732,0.9040898050786061
289,0.9820003283265251,3.707647244433827,2.4219965887039696,6.694457948460017,0.8573994459630012,6.694457948460017,6.694457948460017,0.8700615541484819,3.9246395534534013,6.694457948460017,0.9894005849787388
290,0.33556178897929,2.9684786576395092,3.9766894221763307,12.842244793121417,4.247272472219518,12.842244793121417,12.842244793121417,0.5351200711756215,0.6511548100848923,12.842244793121417,1.0430005071215542
291,1.5008014298418761,4.717057929083217,0.9576925794812466,30.20357302961976,2.2104160683717864,30.20357302961976,30.20357302961976,2.4374546397607393,6.462458719270267,30.20357302961976,1.672150246386036
292,3.3132979297316143,2.5821061068713953,2.764521119375475,34.751821534669176,0.31639053306394516,34.751821534669176,34.751821534669176,2.6495782611444696,1.1233124815418722,34.751821534669176,1.0546708737414088
293,2.097758469251207,0.37399247786134066,0.4002435921224194,12.469340960706921,0.8365985068520094,12.469340960706921,12.469340960706921,4.225042024967313,3.4381825179057137,12.469340960706921,1.141243350359678
294,0.5794143002054631,1.8803392177412883,5.753530167458278,18.89207655734555,1.193181779002769,18.89207655734555,18.89207655734555,8.324032987232009,2.58950107403968,18.89207655734555,1.9493029841299938
295,1.4461822359329566,4.781327762738705,3.5005673585024737,27.43974877916503,2.2522703478419643,27.43974877916503,27.43974877916503,4.116857336141869,0.598990157093322,27.43974877916503,1.1841335536557922
296,2.16603756427611,2.174359200590311,4.055490977975187,24.80645512235039,0.3695921888800908,24.80645512235039,24.80645512235039,1.4218790215699812,3.246818112198334,24.80645512235039,1.0782301266771386
297,1.4485800823426493,0.24001845856889165,1.2209636714854493,10.393697146183916,1.7185821028556596,10.393697146183916,10.393697146183916,0.2266696610099512,0.5070467241987582,10.393697146183916,0.5593150070037363
298,2.471005071394485,0.2878221170040231,0.1547719823752658,4.880905167501642,4.614966811767706,4.880905167501642,4.880905167501642,1.719763311262333,0.5601123148925397,4.880905167501642,0.9025307917858928
299,0.27209574118455393,1.1808867538752688,1.7176639467662103,16.205080061142706,0.8047295934072534,16.205080061142706,16.205080061142706,2.783583502879861,3.429399948052701,16.205080061142706,0.9488102598261406
300,3.090090202130367,2.8299903624362863,3.482626689029641,7.197005885782354,0.14902544247502197,7.197005885782354,7.197005885782354,4.981706955554117,1.0648106258318069,7.197005885782354,1.3703851492293022
